Date,Close,High,Low,Open,Volume
2024-12-14 00:00:00,102602.75,102602.75,101158.0,101434.6171875,1510715392
2024-12-14 01:30:00,102013.28125,102577.7890625,101724.4296875,102577.7890625,836988928
2024-12-14 03:00:00,101828.6484375,102294.984375,101823.1015625,102054.234375,116154368
2024-12-14 04:30:00,101694.296875,101839.765625,101625.25,101804.1328125,250220544
2024-12-14 06:00:00,101666.1171875,101986.6875,101666.1171875,101701.5859375,308678656
2024-12-14 07:30:00,101819.3203125,101876.03125,101628.6328125,101656.4375,187236352
2024-12-14 09:00:00,101420.109375,101791.03125,101342.5546875,101791.03125,219955200
2024-12-14 10:30:00,101573.109375,101679.9765625,101425.8984375,101425.8984375,0
2024-12-14 12:00:00,100982.4609375,101610.6875,100859.5546875,101556.6875,565059584
2024-12-14 13:30:00,101437.203125,101485.4296875,101027.3828125,101060.4296875,526508032
2024-12-14 15:00:00,101486.5390625,101706.484375,101358.0703125,101416.171875,0
2024-12-14 16:30:00,100971.7109375,101683.8984375,100915.6796875,101446.671875,0
2024-12-14 18:00:00,101074.0625,101144.015625,100837.2421875,100988.875,0
2024-12-14 19:30:00,100705.8359375,101386.3671875,100664.5390625,101171.75,56094720
2024-12-14 21:00:00,101135.8515625,101151.6484375,100736.875,100736.875,257691648
2024-12-14 22:30:00,101373.125,101425.4453125,101039.140625,101138.515625,249978880
2024-12-15 00:00:00,101532.890625,101578.0390625,101227.953125,101393.6796875,72089600
2024-12-15 01:30:00,101820.15625,102124.21875,101519.734375,101568.4140625,312242176
2024-12-15 03:00:00,102595.328125,102731.3046875,101697.9375,101794.4375,6925377536
2024-12-15 04:30:00,102122.40625,102610.328125,102077.5390625,102610.328125,1050329088
2024-12-15 06:00:00,101832.1328125,102120.6171875,101714.046875,102113.9140625,199512064
2024-12-15 07:30:00,101955.5390625,101969.0234375,101539.265625,101866.3984375,364105728
2024-12-15 09:00:00,102205.375,102384.3359375,101927.6640625,101971.0546875,262062080
2024-12-15 10:30:00,102617.5390625,102617.5390625,102145.40625,102204.59375,710701056
2024-12-15 12:00:00,102685.03125,103234.046875,102532.078125,102632.953125,2962010112
2024-12-15 13:30:00,102919.4765625,102993.8828125,102441.53125,102517.2578125,949764096
2024-12-15 15:00:00,103128.53125,103128.53125,102579.9609375,102930.90625,817451008
2024-12-15 16:30:00,103108.046875,103354.046875,102968.390625,103083.3515625,1070485504
2024-12-15 18:00:00,103341.359375,103366.15625,102979.953125,103114.90625,111493120
2024-12-15 19:30:00,103095.0625,103342.1953125,103095.0625,103296.7734375,91705344
2024-12-15 21:00:00,103200.46875,103316.7578125,102640.2265625,103099.484375,1706934272
2024-12-15 22:30:00,104255.5703125,104971.7265625,103064.75,103158.8984375,6794522624
2024-12-16 00:00:00,105039.09375,106408.8828125,104313.3984375,104447.6640625,8658784256
2024-12-16 01:30:00,104547.0078125,105487.2734375,104466.546875,105034.0078125,2095419392
2024-12-16 03:00:00,104549.0625,104950.875,104311.125,104525.53125,2233163776
2024-12-16 04:30:00,104956.609375,105026.421875,104495.703125,104575.4765625,590700544
2024-12-16 06:00:00,105204.765625,105321.7421875,104973.3359375,104998.9765625,1357336576
2024-12-16 07:30:00,104525.8984375,105188.265625,104467.1484375,105181.03125,770002944
2024-12-16 09:00:00,104446.828125,104872.4296875,104362.5625,104509.0078125,1344770048
2024-12-16 10:30:00,103686.0625,104765.734375,103622.84375,104411.4921875,1662513152
2024-12-16 12:00:00,103974.609375,104072.7421875,103377.9453125,103720.0859375,943239168
2024-12-16 13:30:00,105328.8671875,105941.15625,103729.5546875,103995.578125,3553128448
2024-12-16 15:00:00,106631.0078125,106787.5546875,105348.3359375,105348.3359375,7872077824
2024-12-16 16:30:00,107071.7421875,107132.734375,106454.4296875,106718.625,5053210624
2024-12-16 18:00:00,106012.2890625,107756.8359375,105897.15625,107088.5703125,7665500160
2024-12-16 19:30:00,105974.5703125,106647.9296875,105957.6015625,106092.9296875,4860846080
2024-12-16 21:00:00,106074.71875,106278.8671875,105736.1328125,105783.859375,958234624
2024-12-16 22:30:00,105984.7421875,106074.5703125,105506.1015625,106052.0234375,65855488
2024-12-17 00:00:00,106199.6015625,106199.6015625,105761.453125,106052.015625,41697280
2024-12-17 01:30:00,106242.25,106567.3046875,106189.59375,106199.203125,105668608
2024-12-17 03:00:00,106511.8125,106923.578125,106266.046875,106266.046875,153321472
2024-12-17 04:30:00,106778.234375,106778.234375,106433.2578125,106505.4765625,0
2024-12-17 06:00:00,107046.3984375,107046.3984375,106374.421875,106798.9765625,181641216
2024-12-17 07:30:00,107440.21875,107473.6953125,106744.515625,107062.703125,1293828096
2024-12-17 09:00:00,106966.828125,107419.0546875,106966.828125,107411.5859375,261373952
2024-12-17 10:30:00,106873.1171875,107267.90625,106767.625,106974.5859375,91021312
2024-12-17 12:00:00,107420.6328125,107420.6328125,106549.8046875,106800.5234375,71213056
2024-12-17 13:30:00,108240.0859375,108240.0859375,107151.828125,107412.640625,541958144
2024-12-17 15:00:00,106743.6875,108239.4140625,105803.125,108239.4140625,929660928
2024-12-17 16:30:00,107441.65625,107572.234375,106545.46875,106640.484375,152649728
2024-12-17 18:00:00,106904.8046875,107625.15625,106391.7109375,107525.5,0
2024-12-17 19:30:00,106806.4609375,106862.28125,106162.171875,106633.0078125,33439744
2024-12-17 21:00:00,105837.1328125,106770.8515625,105779.7421875,106686.1171875,68808704
2024-12-17 22:30:00,106131.6640625,106298.5,105340.671875,105797.1875,1765343232
2024-12-18 00:00:00,106374.2265625,106449.8125,105683.359375,106145.015625,591716352
2024-12-18 01:30:00,105335.078125,106434.703125,105070.484375,106355.3671875,2616848384
2024-12-18 03:00:00,103847.796875,105307.71875,103847.796875,105307.71875,1729781760
2024-12-18 04:30:00,103497.3203125,104085.8828125,103305.828125,104028.53125,3968491520
2024-12-18 06:00:00,104128.078125,104187.671875,103258.109375,103549.2734375,3762757632
2024-12-18 07:30:00,103773.171875,104338.8671875,103720.09375,104114.765625,162160640
2024-12-18 09:00:00,104214.3203125,104338.3828125,103773.734375,103773.734375,107667456
2024-12-18 10:30:00,104956.8515625,104956.8515625,104185.5390625,104247.40625,403759104
2024-12-18 12:00:00,105010.40625,105294.5234375,104711.75,104977.9453125,963829760
2024-12-18 13:30:00,103974.03125,105037.25,103974.03125,105037.25,388120576
2024-12-18 15:00:00,103615.578125,104473.46875,103435.875,103986.3125,154124288
2024-12-18 16:30:00,104609.5078125,104707.9140625,103730.9921875,103752.8515625,371048448
2024-12-18 18:00:00,103718.1171875,104921.2890625,103385.4140625,104638.28125,1906761728
2024-12-18 19:30:00,100943.1640625,103947.296875,100281.5546875,103648.5234375,13609426944
2024-12-18 21:00:00,101157.375,101601.015625,100473.09375,100753.3515625,5217845248
2024-12-18 22:30:00,100104.4765625,101399.15625,100104.4765625,101041.265625,1761746944
2024-12-19 00:00:00,100554.8359375,100905.09375,100150.28125,100150.28125,1976918016
2024-12-19 01:30:00,100348.5234375,100494.4765625,98963.015625,100494.4765625,4250501120
2024-12-19 03:00:00,101005.5703125,101190.8046875,100414.859375,100414.859375,2042470400
2024-12-19 04:30:00,101283.84375,101338.640625,100619.8515625,100971.3671875,157794304
2024-12-19 06:00:00,101459.734375,101478.015625,100990.21875,101284.0390625,86630400
2024-12-19 07:30:00,101662.0234375,101767.40625,101343.8359375,101499.5390625,216948736
2024-12-19 09:00:00,102065.359375,102144.859375,101513.6015625,101627.2734375,774520832
2024-12-19 10:30:00,102382.0,102525.234375,102044.1953125,102044.1953125,1081925632
2024-12-19 12:00:00,102083.34375,102473.4140625,101847.1015625,102375.171875,261709824
2024-12-19 13:30:00,100981.96875,102715.203125,100978.734375,102118.2578125,1198342144
2024-12-19 15:00:00,100492.171875,100964.4375,99479.625,100925.1328125,2385928192
2024-12-19 16:30:00,98771.203125,101038.1015625,97839.34375,100432.6796875,4093419520
2024-12-19 18:00:00,98204.1796875,98934.1640625,96998.390625,98634.25,5967601664
2024-12-19 19:30:00,96493.3203125,98052.6640625,95612.7265625,98052.6640625,490553344
2024-12-19 21:00:00,97812.3203125,97862.65625,95931.828125,96265.078125,651558912
2024-12-19 22:30:00,97622.6953125,98281.7734375,97380.1171875,97648.25,508952576
2024-12-20 00:00:00,97000.984375,97678.0859375,96578.4296875,97406.453125,1131560960
2024-12-20 01:30:00,97530.2734375,97530.2734375,95914.375,96965.625,337707008
2024-12-20 03:00:00,97626.2109375,97652.03125,96846.765625,97510.3515625,212312064
2024-12-20 04:30:00,96742.2578125,97716.5,96624.3828125,97656.96875,938008576
2024-12-20 06:00:00,97905.8046875,98017.5,96330.890625,96694.9921875,3105792000
2024-12-20 07:30:00,95282.296875,98007.359375,95268.25,97957.9765625,2554118144
2024-12-20 09:00:00,94704.296875,95520.0703125,93988.0625,95312.046875,6516613120
2024-12-20 10:30:00,92832.4453125,94847.5078125,92627.7734375,94571.2265625,6421438464
2024-12-20 12:00:00,93911.3984375,94145.625,92265.328125,92572.828125,7129407488
2024-12-20 13:30:00,95716.8671875,96053.109375,93654.4375,93654.4375,5277728768
2024-12-20 15:00:00,97483.6953125,97593.484375,95550.75,95550.75,797483008
2024-12-20 16:30:00,97331.609375,97575.546875,96423.71875,97308.8203125,616923136
2024-12-20 18:00:00,97640.8125,97656.28125,96618.4375,97201.6484375,102252544
2024-12-20 19:30:00,96626.6796875,97716.7109375,96596.375,97574.5234375,0
2024-12-20 21:00:00,97148.359375,97189.1953125,95494.9140625,96406.34375,88285184
2024-12-20 22:30:00,97741.6640625,97751.21875,96908.7421875,97090.7578125,55410688
2024-12-21 00:00:00,97510.6484375,97787.0859375,97211.09375,97768.9921875,671744
2024-12-21 01:30:00,97374.9140625,97543.65625,97171.515625,97440.1875,0
2024-12-21 03:00:00,97410.109375,97513.171875,97231.1796875,97365.2734375,0
2024-12-21 04:30:00,98605.546875,98626.328125,97401.6328125,97401.6328125,696893440
2024-12-21 06:00:00,98873.7109375,98873.7109375,98325.9453125,98619.6953125,439263232
2024-12-21 07:30:00,98660.0078125,99485.9921875,98450.203125,98879.1796875,766173184
2024-12-21 09:00:00,98478.3671875,98641.3125,98297.984375,98614.453125,0
2024-12-21 10:30:00,98256.2578125,98487.5390625,97791.3671875,98487.5390625,0
2024-12-21 12:00:00,96612.2109375,98232.2890625,96612.2109375,98232.2890625,0
2024-12-21 13:30:00,97092.171875,97707.859375,96469.4765625,96469.4765625,0
2024-12-21 15:00:00,97518.109375,97651.609375,96960.1484375,97053.4140625,0
2024-12-21 16:30:00,97606.640625,97642.6015625,97072.078125,97522.40625,0
2024-12-21 18:00:00,96976.453125,97655.6171875,96810.0,97577.0546875,3371008
2024-12-21 19:30:00,97419.5859375,97962.5859375,96806.3046875,96883.859375,131674112
2024-12-21 21:00:00,97135.8359375,97510.453125,96597.609375,97438.328125,78467072
2024-12-21 22:30:00,97239.2109375,97329.265625,96890.2578125,97043.8359375,108118016
2024-12-22 00:00:00,97278.0078125,97358.1484375,97037.875,97225.8359375,23617536
2024-12-22 01:30:00,96590.296875,97277.3203125,96590.296875,97277.3203125,66453504
2024-12-22 03:00:00,96761.5703125,97231.5546875,96535.1015625,96650.0,559423488
2024-12-22 04:30:00,96184.84375,96814.421875,95852.7109375,96788.140625,975527936
2024-12-22 06:00:00,96457.90625,96761.5,96095.8984375,96101.1484375,0
2024-12-22 07:30:00,96483.8671875,96554.453125,96054.5859375,96469.3046875,0
2024-12-22 09:00:00,97023.234375,97119.625,96281.4375,96471.53125,403935232
2024-12-22 10:30:00,97111.1953125,97240.0625,96940.8828125,97046.671875,0
2024-12-22 12:00:00,97164.2109375,97187.4765625,96801.3515625,97035.484375,0
2024-12-22 13:30:00,95392.3046875,97165.875,95392.3046875,97165.875,764174336
2024-12-22 15:00:00,95587.078125,95654.8515625,95087.484375,95276.359375,1155162112
2024-12-22 16:30:00,95511.1796875,95796.03125,95432.3203125,95582.109375,87740416
2024-12-22 18:00:00,95658.25,96351.1015625,95382.9453125,95537.75,657141760
2024-12-22 19:30:00,95409.578125,95650.3359375,94381.6171875,95638.1875,978780160
2024-12-22 21:00:00,94782.140625,95631.5703125,94245.84375,95495.78125,822251520
2024-12-22 22:30:00,95076.6328125,95637.2734375,94891.3671875,94891.3671875,741826560
2024-12-23 00:00:00,93829.7265625,95233.6015625,93712.5859375,95092.5703125,1231224832
2024-12-23 01:30:00,94617.1484375,94903.3359375,93729.828125,94178.578125,4128108544
2024-12-23 03:00:00,96023.703125,96392.328125,94549.1328125,94610.7890625,3250991104
2024-12-23 04:30:00,95477.4921875,96128.9453125,95309.5234375,95979.703125,625418240
2024-12-23 06:00:00,95229.75,95549.0625,94673.15625,95532.0078125,989413376
2024-12-23 07:30:00,95446.59375,95446.59375,94996.6171875,95282.5546875,608546816
2024-12-23 09:00:00,96163.1328125,96163.1328125,95438.2578125,95438.2578125,2093363200
2024-12-23 10:30:00,95803.390625,96390.03125,95751.8828125,95920.328125,736251904
2024-12-23 12:00:00,95672.3984375,96275.4375,95622.5234375,95811.0,827842560
2024-12-23 13:30:00,94145.8359375,95571.0234375,93699.3046875,95571.0234375,2088427520
2024-12-23 15:00:00,93208.9296875,94041.8359375,92816.4296875,94041.8359375,2818244608
2024-12-23 16:30:00,93362.4375,94082.7421875,92875.640625,93104.8984375,2947170304
2024-12-23 18:00:00,93341.4375,93572.0859375,92625.1875,93251.796875,1564307456
2024-12-23 19:30:00,93287.328125,93460.2421875,92403.1328125,93460.2421875,1186734080
2024-12-23 21:00:00,94771.1640625,94771.1640625,93075.609375,93075.609375,2105360384
2024-12-23 22:30:00,94687.7734375,95349.765625,94507.953125,94801.5546875,654966784
2024-12-24 00:00:00,94338.53125,94759.3671875,94109.140625,94759.3671875,110022656
2024-12-24 01:30:00,93708.8515625,94271.703125,93468.6875,94271.703125,0
2024-12-24 03:00:00,94231.4765625,94250.921875,93707.1328125,93802.3828125,0
2024-12-24 04:30:00,94485.3359375,94497.0390625,93972.0390625,94177.7890625,171245568
2024-12-24 06:00:00,94009.515625,94472.828125,93705.3125,94472.828125,2342912
2024-12-24 07:30:00,94402.765625,94478.859375,94004.859375,94004.859375,181362688
2024-12-24 09:00:00,93759.7578125,94371.6328125,93759.7578125,94370.7421875,10362880
2024-12-24 10:30:00,94242.5625,94276.3515625,93744.453125,93758.421875,13193216
2024-12-24 12:00:00,94706.8359375,94706.8359375,93952.3671875,94260.9921875,29876224
2024-12-24 13:30:00,97391.59375,97391.59375,94606.53125,94606.53125,1364299776
2024-12-24 15:00:00,98460.421875,98466.1640625,97226.703125,97389.4296875,177659904
2024-12-24 16:30:00,98449.34375,98935.3203125,97943.3515625,98435.171875,330108928
2024-12-24 18:00:00,98242.2109375,99315.15625,98242.2109375,98833.4140625,532279296
2024-12-24 19:30:00,97266.2734375,98293.2578125,97266.2734375,98171.34375,7454720
2024-12-24 21:00:00,98641.53125,98988.1328125,97247.1640625,97247.1640625,57729024
2024-12-24 22:30:00,98706.6796875,98918.6484375,98399.296875,98591.5625,20033536
2024-12-25 00:00:00,98200.6796875,98754.1328125,98187.03125,98623.5078125,53477376
2024-12-25 01:30:00,98098.765625,98267.7265625,97723.3671875,98122.5234375,87461888
2024-12-25 03:00:00,98060.453125,98179.421875,97856.6796875,98071.578125,63127552
2024-12-25 04:30:00,98215.6875,98255.0546875,98097.3046875,98097.3046875,22319104
2024-12-25 06:00:00,97987.21875,98471.3515625,97809.2734375,98216.5625,59305984
2024-12-25 07:30:00,97942.5234375,98175.6953125,97888.0,98014.2421875,34533376
2024-12-25 09:00:00,98787.453125,99201.5,97960.7109375,97998.9296875,668073984
2024-12-25 10:30:00,97980.21875,98963.46875,97980.21875,98871.3671875,1192087552
2024-12-25 12:00:00,98284.7109375,98464.0625,97622.9921875,97829.75,1846489088
2024-12-25 13:30:00,98576.46875,98728.8828125,98142.046875,98258.1171875,0
2024-12-25 15:00:00,98296.40625,98637.46875,98164.4375,98621.9765625,0
2024-12-25 16:30:00,98454.71875,98570.5234375,98055.984375,98329.0625,0
2024-12-25 18:00:00,98862.6015625,99055.59375,98463.3515625,98463.3515625,75810816
2024-12-25 19:30:00,99094.6796875,99230.7578125,98831.6640625,98886.3671875,47335424
2024-12-25 21:00:00,98613.796875,99271.9765625,98341.46875,99065.828125,300433408
2024-12-25 22:30:00,99435.171875,99475.421875,98691.7734375,98884.9921875,687900672
2024-12-26 00:00:00,98707.9765625,99800.578125,98582.65625,99376.0,1461278720
2024-12-26 01:30:00,98645.125,99151.8671875,98497.9921875,98714.828125,569974784
2024-12-26 03:00:00,98480.9453125,98973.859375,98444.109375,98659.625,743792640
2024-12-26 04:30:00,98308.0546875,98479.5390625,98037.484375,98479.5390625,877568000
2024-12-26 06:00:00,98003.9609375,98320.3671875,97961.546875,98285.71875,367239168
2024-12-26 07:30:00,95807.015625,97994.8359375,95625.703125,97805.90625,3599888384
2024-12-26 09:00:00,95418.1328125,95834.5390625,95171.5703125,95807.234375,1685254144
2024-12-26 10:30:00,95585.2265625,95888.0625,95228.765625,95377.59375,483090432
2024-12-26 12:00:00,95392.7890625,95756.515625,95248.546875,95572.890625,182345728
2024-12-26 13:30:00,95217.5546875,96147.3125,95204.71875,95315.453125,1863081984
2024-12-26 15:00:00,95851.015625,96421.875,95214.6953125,95316.7890625,2364583936
2024-12-26 16:30:00,95737.6328125,96503.671875,95666.7890625,95858.3671875,1227956224
2024-12-26 18:00:00,95443.46875,95893.2265625,95381.453125,95767.8671875,697262080
2024-12-26 19:30:00,95733.609375,96070.359375,95337.328125,95444.4921875,595607552
2024-12-26 21:00:00,95607.7890625,95835.6953125,95261.2265625,95510.3046875,196853760
2024-12-26 22:30:00,95714.359375,95814.4296875,95309.5234375,95637.34375,168976384
2024-12-27 00:00:00,95548.765625,95792.8671875,95304.453125,95652.4609375,4079616
2024-12-27 01:30:00,95864.5,96244.890625,95653.6796875,95673.4453125,572456960
2024-12-27 03:00:00,96286.46875,96432.9609375,95909.484375,95931.546875,405049344
2024-12-27 04:30:00,96146.4375,96438.40625,95894.9609375,96284.359375,267198464
2024-12-27 06:00:00,95435.5078125,96447.8203125,95435.5078125,96135.59375,470073344
2024-12-27 07:30:00,95633.1015625,96250.53125,94664.0859375,95392.984375,1594793984
2024-12-27 09:00:00,96435.546875,97144.59375,95615.5703125,95615.5703125,1546625024
2024-12-27 10:30:00,96820.0234375,96820.0234375,96114.328125,96452.84375,192147456
2024-12-27 12:00:00,96371.84375,96891.7734375,96187.390625,96815.9765625,447565824
2024-12-27 13:30:00,95551.9609375,96467.3203125,95090.21875,96358.046875,315920384
2024-12-27 15:00:00,94375.2265625,95577.203125,93907.875,95577.203125,2942291968
2024-12-27 16:30:00,94109.375,94825.8046875,93342.5546875,94589.0703125,2425315328
2024-12-27 18:00:00,94195.4296875,94579.4921875,94138.3125,94192.4609375,435998720
2024-12-27 19:30:00,94390.984375,94603.8828125,94126.34375,94126.34375,378310656
2024-12-27 21:00:00,94374.4921875,94653.078125,94116.5390625,94449.09375,263368704
2024-12-27 22:30:00,94161.546875,94542.265625,94013.9453125,94445.3984375,325472256
2024-12-28 00:00:00,94093.265625,94349.28125,94027.4140625,94159.828125,72130560
2024-12-28 01:30:00,94216.09375,94455.4296875,94028.4609375,94093.8828125,41787392
2024-12-28 03:00:00,94438.234375,94534.5859375,94244.171875,94244.171875,0
2024-12-28 04:30:00,94461.4140625,94629.34375,94381.328125,94444.1171875,0
2024-12-28 06:00:00,94421.1171875,94516.8515625,94285.09375,94468.71875,48992256
2024-12-28 07:30:00,94318.75,94406.1640625,94152.1953125,94406.1640625,0
2024-12-28 09:00:00,94540.7890625,94540.7890625,94313.28125,94313.28125,0
2024-12-28 10:30:00,94609.9140625,94690.75,94448.390625,94525.3828125,2641920
2024-12-28 12:00:00,94528.03125,94674.640625,94426.21875,94610.453125,24342528
2024-12-28 13:30:00,94401.09375,95114.0859375,94288.3046875,94532.25,298930176
2024-12-28 15:00:00,94444.15625,94618.84375,94241.2578125,94419.46875,0
2024-12-28 16:30:00,94872.328125,95065.984375,94437.640625,94437.640625,0
2024-12-28 18:00:00,94852.7265625,94932.25,94614.6875,94862.203125,0
2024-12-28 19:30:00,94897.796875,94955.3984375,94712.3203125,94846.421875,104448
2024-12-28 21:00:00,95108.6171875,95232.8671875,94804.578125,94912.015625,36044800
2024-12-28 22:30:00,95204.7578125,95362.5625,94932.578125,95104.3671875,365246464
2024-12-29 00:00:00,94838.0078125,95143.1171875,94781.9765625,95143.1171875,35934208
2024-12-29 01:30:00,94960.4375,95029.7265625,94701.890625,94865.6015625,29251584
2024-12-29 03:00:00,94965.4765625,95088.5859375,94836.1640625,94983.9375,98779136
2024-12-29 04:30:00,94965.6171875,95026.3671875,94902.2265625,94971.875,82599936
2024-12-29 06:00:00,94968.6953125,95070.6015625,94832.71875,94960.21875,90212352
2024-12-29 07:30:00,94966.4296875,95101.2109375,94920.2265625,94955.6796875,58656768
2024-12-29 09:00:00,94966.6875,95054.625,94892.4375,94972.7265625,63959040
2024-12-29 10:30:00,94883.390625,95094.875,94883.390625,94970.921875,55439360
2024-12-29 12:00:00,94769.28125,94980.9140625,94753.640625,94895.8359375,178960384
2024-12-29 13:30:00,94491.09375,95059.7890625,93973.5234375,94733.3125,819800064
2024-12-29 15:00:00,93847.1640625,94594.15625,93764.8203125,94483.203125,757161984
2024-12-29 16:30:00,93793.1015625,93911.0625,93491.8515625,93829.6640625,736610304
2024-12-29 18:00:00,93631.53125,93781.875,93478.484375,93781.875,837472256
2024-12-29 19:30:00,93662.453125,93662.453125,93220.109375,93583.953125,1509937152
2024-12-29 21:00:00,93069.96875,93711.140625,92931.1875,93635.5234375,1532510208
2024-12-29 22:30:00,93616.4140625,93671.4296875,92897.875,93245.234375,1566650368
2024-12-30 00:00:00,93623.7421875,93669.3828125,93226.625,93508.3671875,1175644160
2024-12-30 01:30:00,93692.2890625,93961.0859375,93275.3125,93658.25,1884368896
2024-12-30 03:00:00,93265.0703125,93849.5859375,93265.0703125,93669.8125,790251520
2024-12-30 04:30:00,93339.484375,93439.8671875,93056.9921875,93344.1171875,1037520896
2024-12-30 06:00:00,93347.40625,93794.4921875,93318.703125,93373.7578125,822333440
2024-12-30 07:30:00,93711.9921875,93752.4921875,93193.5,93375.5,1077432320
2024-12-30 09:00:00,93740.0390625,93876.4375,93544.328125,93660.4609375,719028224
2024-12-30 10:30:00,93741.4921875,93760.359375,93329.2265625,93721.59375,749699072
2024-12-30 12:00:00,93128.6171875,94074.703125,93107.9765625,93744.984375,1624752128
2024-12-30 13:30:00,91863.7421875,93188.375,91863.7421875,93188.375,3371495424
2024-12-30 15:00:00,91769.3984375,92177.7578125,91347.03125,91530.390625,4702175232
2024-12-30 16:30:00,93578.1953125,93974.671875,91733.9375,91828.171875,2781708288
2024-12-30 18:00:00,94109.6484375,94568.2890625,93542.8203125,93722.546875,3355967488
2024-12-30 19:30:00,94189.796875,94835.9375,94077.984375,94077.984375,1371553792
2024-12-30 21:00:00,92431.5625,94225.703125,91788.6171875,94201.390625,2346446848
2024-12-30 22:30:00,92645.3359375,92807.5390625,92262.5078125,92642.234375,123224064
2024-12-31 00:00:00,91982.9453125,92693.5078125,91982.9453125,92619.421875,631136256
2024-12-31 01:30:00,92350.890625,92502.40625,91921.265625,91921.265625,125997056
2024-12-31 03:00:00,92450.859375,92621.9375,92100.078125,92312.5859375,272625664
2024-12-31 04:30:00,92468.921875,92587.53125,92232.0546875,92437.171875,124444672
2024-12-31 06:00:00,92740.40625,92866.609375,92447.2109375,92457.9375,212836352
2024-12-31 07:30:00,93845.25,94427.6015625,92694.6875,92740.5703125,2009305088
2024-12-31 09:00:00,93837.140625,93956.40625,93530.6015625,93779.6484375,838103040
2024-12-31 10:30:00,94083.5078125,94113.4765625,93816.0234375,93816.0234375,462348288
2024-12-31 12:00:00,95797.25,95797.25,94117.2734375,94117.2734375,1038569472
2024-12-31 13:30:00,95560.609375,96059.265625,95359.265625,95587.34375,632758272
2024-12-31 15:00:00,94857.8671875,95831.3359375,94832.5,95558.671875,11976704
2024-12-31 16:30:00,93978.8984375,94840.7578125,93282.28125,94781.40625,195026944
2024-12-31 18:00:00,93843.0,94208.0625,93732.8984375,93965.6953125,0
2024-12-31 19:30:00,93337.4921875,94036.4921875,93318.1953125,93821.2578125,364691456
2024-12-31 21:00:00,93494.3984375,93763.34375,93339.078125,93414.4609375,0
2024-12-31 22:30:00,93460.421875,93633.9375,93254.0625,93534.4375,14606336
2025-01-01 00:00:00,93683.921875,94256.0546875,93312.703125,93396.03125,149676032
2025-01-01 01:30:00,93849.25,93854.3125,93420.0546875,93671.875,39501824
2025-01-01 03:00:00,93522.234375,93866.4453125,93484.1015625,93866.4453125,0
2025-01-01 04:30:00,93588.90625,93665.9140625,93356.2421875,93534.515625,0
2025-01-01 06:00:00,93562.4453125,93575.53125,93377.6484375,93575.53125,20172800
2025-01-01 07:30:00,93259.9921875,93586.703125,93187.5390625,93568.1953125,0
2025-01-01 09:00:00,93254.46875,93325.28125,92849.7265625,93254.1015625,732966912
2025-01-01 10:30:00,93267.125,93470.40625,93016.9765625,93225.7109375,52633600
2025-01-01 12:00:00,93505.1171875,93693.484375,93230.3046875,93265.0078125,10067968
2025-01-01 13:30:00,93964.8046875,94225.3203125,93514.7109375,93570.8359375,56467456
2025-01-01 15:00:00,93971.3046875,94218.8359375,93764.0,93962.390625,0
2025-01-01 16:30:00,93914.921875,93956.703125,93603.5625,93933.0078125,32016384
2025-01-01 18:00:00,94025.0078125,94167.0625,93755.4765625,93937.6796875,76367872
2025-01-01 19:30:00,94603.4921875,94647.578125,93946.5,93991.46875,382742528
2025-01-01 21:00:00,94533.0625,94924.4296875,94503.359375,94603.9765625,431343616
2025-01-01 22:30:00,94443.5234375,94747.890625,94395.4921875,94580.1796875,195186688
2025-01-02 00:00:00,94920.765625,95289.4765625,94282.609375,94390.2734375,1707966464
2025-01-02 01:30:00,94989.6015625,94989.6015625,94599.0,94851.1640625,1205532672
2025-01-02 03:00:00,94985.984375,95086.6328125,94754.140625,95026.0078125,501239808
2025-01-02 04:30:00,95406.140625,95824.390625,94989.6953125,94989.6953125,1472911360
2025-01-02 06:00:00,95651.9453125,95686.6796875,95261.5390625,95437.3515625,858288128
2025-01-02 07:30:00,96006.9765625,96027.1015625,95525.96875,95634.328125,1260687360
2025-01-02 09:00:00,96590.4921875,96621.6328125,95936.625,96000.2109375,1387538432
2025-01-02 10:30:00,96619.8828125,96741.953125,96396.0390625,96595.8203125,765003776
2025-01-02 12:00:00,96711.2109375,96788.125,96539.5234375,96624.1953125,840384512
2025-01-02 13:30:00,96568.4296875,96664.3203125,96568.1015625,96664.3203125,101033984
2025-01-02 15:00:00,97256.046875,97256.046875,96083.0234375,96299.859375,6809630720
2025-01-02 16:30:00,96535.5625,97532.421875,96278.453125,97270.3828125,3047165952
2025-01-02 18:00:00,97592.921875,97624.875,96424.5078125,96638.109375,1986646016
2025-01-02 19:30:00,97290.2890625,97721.2265625,97123.53125,97500.0703125,1008222208
2025-01-02 21:00:00,96881.8046875,97243.9765625,96660.859375,97230.0546875,115015680
2025-01-02 22:30:00,96876.2421875,96952.7265625,96711.765625,96822.15625,186150912
2025-01-03 00:00:00,96774.8046875,96959.9296875,96573.2265625,96890.0078125,3190784
2025-01-03 01:30:00,96938.0078125,97193.296875,96626.125,96798.3203125,130891776
2025-01-03 03:00:00,96852.421875,96991.4921875,96798.9296875,96890.1953125,36966400
2025-01-03 04:30:00,96672.328125,96875.4140625,96535.84375,96842.1171875,37519360
2025-01-03 06:00:00,96356.1015625,96814.1484375,96356.1015625,96668.7578125,143986688
2025-01-03 07:30:00,96057.6875,96445.203125,96049.7109375,96362.4296875,263892992
2025-01-03 09:00:00,96436.5546875,96587.1328125,96042.515625,96042.515625,25493504
2025-01-03 10:30:00,96720.28125,96736.3671875,96398.65625,96453.5,94277632
2025-01-03 12:00:00,96534.1796875,96842.6328125,96429.7109375,96688.0703125,62582784
2025-01-03 13:30:00,96973.125,97248.8984375,96452.2890625,96466.328125,65552384
2025-01-03 15:00:00,98213.0859375,98314.1171875,96727.453125,96945.4765625,356896768
2025-01-03 16:30:00,97985.1796875,98262.5390625,97720.1171875,98012.2734375,391274496
2025-01-03 18:00:00,98643.703125,98917.234375,97969.484375,97993.9453125,528482304
2025-01-03 19:30:00,98351.0625,98781.171875,98308.09375,98759.9140625,191565824
2025-01-03 21:00:00,98438.265625,98463.9453125,98169.4140625,98304.9453125,325283840
2025-01-03 22:30:00,98101.703125,98453.03125,98047.40625,98453.03125,157839360
2025-01-04 00:00:00,97902.546875,98216.8828125,97812.8671875,98167.5703125,860688384
2025-01-04 01:30:00,98221.453125,98231.828125,97820.484375,97923.0,245288960
2025-01-04 03:00:00,97911.90625,98265.53125,97897.71875,98265.53125,66310144
2025-01-04 04:30:00,98099.109375,98153.2421875,97858.0078125,97887.5234375,107638784
2025-01-04 06:00:00,98163.2109375,98274.1640625,98009.703125,98098.28125,123240448
2025-01-04 07:30:00,97913.0546875,98273.265625,97913.0546875,98165.671875,9715712
2025-01-04 09:00:00,97688.15625,97962.671875,97606.8515625,97883.5546875,129490944
2025-01-04 10:30:00,97864.296875,97877.1953125,97701.7421875,97706.671875,64303104
2025-01-04 12:00:00,97821.7734375,97961.0234375,97767.8984375,97852.328125,19417088
2025-01-04 13:30:00,98025.8828125,98063.0546875,97743.984375,97815.3125,81385472
2025-01-04 15:00:00,97732.4609375,98129.1015625,97587.78125,98027.1796875,8196096
2025-01-04 16:30:00,98029.875,98029.875,97582.9453125,97707.5078125,0
2025-01-04 18:00:00,98157.171875,98322.453125,97914.4375,98007.8671875,0
2025-01-04 19:30:00,98584.46875,98592.5703125,98109.5546875,98153.3828125,1677312
2025-01-04 21:00:00,98256.109375,98725.25,98256.109375,98586.9609375,147267584
2025-01-04 22:30:00,98256.7578125,98475.0625,98162.0234375,98262.8125,18849792
2025-01-05 00:00:00,98218.1875,98333.8203125,98149.6640625,98211.265625,17868800
2025-01-05 01:30:00,98186.046875,98204.5,98028.421875,98204.5,5234688
2025-01-05 03:00:00,98475.875,98475.875,98068.1640625,98208.4609375,92004352
2025-01-05 04:30:00,98339.25,98462.4609375,98277.7890625,98462.4609375,118140928
2025-01-05 06:00:00,98359.15625,98449.0234375,98285.0625,98332.78125,39940096
2025-01-05 07:30:00,97807.6484375,98328.875,97807.6484375,98328.875,412297216
2025-01-05 09:00:00,97598.609375,97912.515625,97585.4375,97826.25,177606656
2025-01-05 10:30:00,97628.15625,97791.5390625,97567.8359375,97567.8359375,44290048
2025-01-05 12:00:00,97928.8125,97928.8125,97575.1953125,97615.5703125,137611264
2025-01-05 13:30:00,97835.6953125,97981.9140625,97329.0546875,97941.015625,730583040
2025-01-05 15:00:00,98089.5390625,98246.390625,97729.34375,97835.640625,297115648
2025-01-05 16:30:00,97690.5546875,98070.828125,97688.3359375,98070.828125,237389824
2025-01-05 18:00:00,98035.4609375,98062.65625,97595.578125,97708.75,215607296
2025-01-05 19:30:00,98235.40625,98529.984375,97969.3203125,98029.453125,591083520
2025-01-05 21:00:00,98524.265625,98524.265625,98228.2890625,98244.1640625,58331136
2025-01-05 22:30:00,98319.6640625,98796.5078125,98319.6640625,98521.5,631289856
2025-01-06 00:00:00,98088.7265625,98585.8359375,97959.1953125,98336.0390625,966436864
2025-01-06 01:30:00,98780.5390625,99229.3984375,98087.9921875,98087.9921875,2609557504
2025-01-06 03:00:00,99282.6875,99364.015625,98753.8125,98791.4765625,986871808
2025-01-06 04:30:00,99609.3515625,99849.1171875,99167.9296875,99238.9140625,1527537664
2025-01-06 06:00:00,99315.5,99702.453125,99205.859375,99567.5625,1605367808
2025-01-06 07:30:00,99060.21875,99538.5703125,99015.7421875,99304.3203125,611098624
2025-01-06 09:00:00,98877.203125,99202.140625,98805.2109375,99025.84375,558204928
2025-01-06 10:30:00,99218.109375,99323.046875,98717.2265625,98966.1171875,1110296576
2025-01-06 12:00:00,99339.671875,99640.2890625,98878.5546875,99254.328125,1100636160
2025-01-06 13:30:00,100921.5546875,101063.9453125,98775.3515625,99315.71875,3927975936
2025-01-06 15:00:00,102455.53125,102455.53125,100588.3203125,100717.265625,7741599744
2025-01-06 16:30:00,101832.2265625,102464.4375,101394.265625,102464.4375,3775225856
2025-01-06 18:00:00,101953.046875,102067.8359375,101694.5390625,101694.5390625,1830318080
2025-01-06 19:30:00,102102.734375,102328.90625,101802.8515625,101932.546875,1748258816
2025-01-06 21:00:00,101876.5390625,102356.6875,101639.0625,102258.6875,1599537152
2025-01-06 22:30:00,102228.5078125,102253.1953125,101947.890625,101951.4140625,276631552
2025-01-07 00:00:00,101790.8515625,102674.328125,101790.8515625,102247.3359375,823988224
2025-01-07 01:30:00,101724.9453125,102044.0546875,101723.09375,101756.640625,180105216
2025-01-07 03:00:00,101834.3203125,101854.125,101592.6953125,101710.2421875,130936832
2025-01-07 04:30:00,101750.328125,101930.7578125,101649.6484375,101881.3359375,0
2025-01-07 06:00:00,101787.515625,102014.3046875,101677.96875,101720.3828125,17936384
2025-01-07 07:30:00,101906.2265625,101966.5390625,101661.171875,101799.390625,205742080
2025-01-07 09:00:00,101523.5078125,101905.40625,101436.53125,101905.40625,431316992
2025-01-07 10:30:00,100897.8203125,101566.4609375,100501.9765625,101519.0546875,1094819840
2025-01-07 12:00:00,100918.640625,100924.796875,100643.9765625,100831.9921875,616001536
2025-01-07 13:30:00,99929.6484375,100926.84375,99929.6484375,100926.84375,207802368
2025-01-07 15:00:00,97919.2109375,99968.2734375,97473.9140625,99968.2734375,4968677376
2025-01-07 16:30:00,97262.21875,98232.96875,96927.3984375,97939.7890625,1470058496
2025-01-07 18:00:00,96784.3125,97449.09375,96595.2265625,97235.484375,1386704896
2025-01-07 19:30:00,96440.1328125,96818.125,96162.7109375,96818.125,2080821248
2025-01-07 21:00:00,96864.53125,97021.53125,96420.1015625,96437.359375,981921792
2025-01-07 22:30:00,96936.1875,97157.296875,96834.7421875,96893.453125,936579072
2025-01-08 00:00:00,97009.453125,97247.40625,96706.765625,96938.7734375,466251776
2025-01-08 01:30:00,96920.1328125,97119.140625,96612.359375,96980.6171875,789647360
2025-01-08 03:00:00,96325.1484375,96868.2578125,96250.2421875,96868.2578125,1875836928
2025-01-08 04:30:00,96483.859375,96599.8125,96111.2734375,96497.109375,1440923648
2025-01-08 06:00:00,95408.3125,96591.0703125,95263.8125,96473.109375,2581893120
2025-01-08 07:30:00,95939.7265625,96082.1875,95382.734375,95468.53125,1492340736
2025-01-08 09:00:00,95701.6796875,96065.3125,95421.953125,95920.640625,390569984
2025-01-08 10:30:00,95161.71875,95998.890625,94632.4609375,95802.25,788430848
2025-01-08 12:00:00,95605.4296875,95605.4296875,94853.5859375,95100.9375,1658851328
2025-01-08 13:30:00,95245.234375,95781.140625,95035.40625,95568.34375,1319608320
2025-01-08 15:00:00,94874.5859375,95889.078125,94706.8046875,95292.9609375,0
2025-01-08 16:30:00,93927.953125,95078.8515625,92822.0234375,94860.515625,3045322752
2025-01-08 18:00:00,94789.046875,94980.6171875,93837.03125,94027.75,1836617728
2025-01-08 19:30:00,93937.09375,94729.8046875,93771.5390625,94729.8046875,75063296
2025-01-08 21:00:00,94758.9765625,94870.84375,93718.109375,93933.6171875,444170240
2025-01-08 22:30:00,95038.3125,95240.296875,94765.2421875,94765.2421875,217640960
2025-01-09 00:00:00,95221.0703125,95314.75,94810.03125,95038.078125,203018240
2025-01-09 01:30:00,94650.4765625,95220.515625,93625.15625,95220.515625,2718605312
2025-01-09 03:00:00,94109.8203125,94739.015625,93774.0703125,94739.015625,281280512
2025-01-09 04:30:00,94431.6015625,94500.8828125,94115.9375,94133.5234375,49360896
2025-01-09 06:00:00,93762.15625,94544.5,93762.15625,94422.2265625,61489152
2025-01-09 07:30:00,92945.7109375,93739.9140625,92812.9453125,93739.9140625,1889263616
2025-01-09 09:00:00,93229.765625,93654.6328125,92974.6015625,92974.6015625,40445128704
2025-01-09 10:30:00,93409.7109375,93719.9765625,93025.1796875,93235.6171875,474062848
2025-01-09 12:00:00,92833.2265625,93638.203125,92813.6796875,93415.1328125,134283264
2025-01-09 13:30:00,92699.453125,92834.90625,91826.828125,92834.90625,3236814848
2025-01-09 15:00:00,93986.484375,94547.3515625,92681.546875,92827.40625,1059700736
2025-01-09 16:30:00,92792.5390625,94325.7890625,92343.7421875,94031.75,244252672
2025-01-09 18:00:00,92828.2265625,93272.3984375,92440.96875,92659.328125,95784960
2025-01-09 19:30:00,92116.2890625,92958.296875,91232.859375,92821.375,3276042240
2025-01-09 21:00:00,92083.4609375,92436.0,91700.2578125,92070.5,983310336
2025-01-09 22:30:00,92480.140625,92666.2734375,92105.4921875,92235.0625,1144832000
2025-01-10 00:00:00,92824.1875,92866.2421875,92495.1875,92529.9921875,624443392
2025-01-10 01:30:00,93378.046875,93607.5390625,92806.0859375,92806.0859375,504524800
2025-01-10 03:00:00,93547.8046875,93851.0,93370.078125,93373.28125,129110016
2025-01-10 04:30:00,93934.2265625,94180.3203125,93512.5859375,93560.1875,767152128
2025-01-10 06:00:00,94323.234375,94332.296875,93771.6484375,93953.140625,501227520
2025-01-10 07:30:00,94676.390625,94949.25,94326.6796875,94333.0234375,474054656
2025-01-10 09:00:00,94861.0234375,94957.046875,94590.515625,94691.25,135520256
2025-01-10 10:30:00,94957.3984375,95227.5546875,94720.0625,94801.53125,185745408
2025-01-10 12:00:00,94983.671875,95096.15625,94738.390625,95047.5390625,53469184
2025-01-10 13:30:00,94111.4140625,94867.4609375,92884.6328125,94867.4609375,3552264192
2025-01-10 15:00:00,93383.515625,94478.078125,92371.84375,94106.8359375,3171987456
2025-01-10 16:30:00,95742.3046875,95742.3046875,93216.0,93412.875,2361274368
2025-01-10 18:00:00,95127.0,95750.3828125,94478.5625,95750.3828125,1537228800
2025-01-10 19:30:00,94811.140625,95368.078125,94683.4140625,95028.5234375,152125440
2025-01-10 21:00:00,94781.7265625,94885.1640625,94615.3046875,94674.34375,0
2025-01-10 22:30:00,94685.2734375,94864.90625,94670.046875,94794.125,0
2025-01-11 00:00:00,94526.25,94695.6171875,94344.7109375,94694.875,0
2025-01-11 01:30:00,94430.1953125,94533.8984375,94204.421875,94528.46875,0
2025-01-11 03:00:00,94067.2109375,94398.2734375,94067.2109375,94350.5078125,0
2025-01-11 04:30:00,94336.7578125,94345.40625,93844.4375,94072.3203125,57294848
2025-01-11 06:00:00,94164.03125,94401.5,94154.421875,94341.7734375,0
2025-01-11 07:30:00,94083.28125,94355.484375,94035.828125,94148.6875,0
2025-01-11 09:00:00,94337.625,94381.3046875,94031.328125,94048.0078125,0
2025-01-11 10:30:00,94586.984375,94733.578125,94305.3359375,94341.8203125,0
2025-01-11 12:00:00,94428.1796875,94603.3125,94361.8828125,94603.3125,0
2025-01-11 13:30:00,94590.21875,94590.21875,94296.890625,94419.53125,0
2025-01-11 15:00:00,94379.4921875,94587.625,94313.6015625,94569.796875,0
2025-01-11 16:30:00,94073.328125,94659.59375,93990.078125,94404.859375,0
2025-01-11 18:00:00,94215.6875,94280.3828125,94079.984375,94125.7265625,0
2025-01-11 19:30:00,94557.9765625,94604.921875,94049.5078125,94211.9375,0
2025-01-11 21:00:00,94691.4765625,94933.2890625,94555.5859375,94562.65625,447238144
2025-01-11 22:30:00,94555.1484375,94754.40625,94535.9296875,94686.4921875,62738432
2025-01-12 00:00:00,94285.09375,94613.1171875,94285.09375,94567.640625,29378560
2025-01-12 01:30:00,94572.546875,94614.4921875,94323.9375,94323.9375,38078464
2025-01-12 03:00:00,94579.6484375,94630.3125,94393.015625,94572.2109375,24735744
2025-01-12 04:30:00,94512.9765625,94592.8984375,94459.78125,94592.8984375,13733888
2025-01-12 06:00:00,94353.2265625,94570.7265625,94266.3125,94512.1171875,81846272
2025-01-12 07:30:00,94112.1953125,94358.4375,94074.359375,94346.109375,99522560
2025-01-12 09:00:00,93881.484375,94165.359375,93743.234375,94105.6875,687652864
2025-01-12 10:30:00,94231.125,94299.1015625,93806.2890625,93875.0234375,141297664
2025-01-12 12:00:00,94582.15625,94626.7734375,94133.6796875,94214.78125,456476672
2025-01-12 13:30:00,94741.984375,94900.984375,94492.8359375,94575.625,688982016
2025-01-12 15:00:00,94848.046875,95290.3515625,94668.390625,94753.796875,963608576
2025-01-12 16:30:00,95113.6171875,95187.078125,94848.2734375,94848.2734375,173414400
2025-01-12 18:00:00,94668.8125,95226.84375,94668.8125,95105.765625,433262592
2025-01-12 19:30:00,94628.984375,94749.40625,94552.078125,94682.5703125,216449024
2025-01-12 21:00:00,93894.9609375,94641.953125,93820.8828125,94641.953125,192931840
2025-01-12 22:30:00,94491.4140625,94491.4140625,93780.71875,93892.8828125,1144614912
2025-01-13 00:00:00,95120.6171875,95805.546875,94445.671875,94489.796875,2442692608
2025-01-13 01:30:00,94167.9765625,95160.796875,93920.75,95130.921875,2021365760
2025-01-13 03:00:00,94783.21875,94814.1875,93977.625,94158.609375,1382889472
2025-01-13 04:30:00,94143.515625,94803.3359375,94035.8046875,94763.0,948936704
2025-01-13 06:00:00,93650.0234375,94264.859375,93287.0,94122.40625,1728577536
2025-01-13 07:30:00,92975.265625,93834.4921875,92874.9921875,93647.7421875,8336596992
2025-01-13 09:00:00,92060.875,93086.7421875,92030.28125,92988.6875,2195693568
2025-01-13 10:30:00,90930.453125,91935.0,90814.328125,91935.0,5950058496
2025-01-13 12:00:00,91414.40625,91631.3828125,90241.5390625,90768.453125,6603644928
2025-01-13 13:30:00,91915.4765625,92016.265625,89260.1015625,91306.25,7561039872
2025-01-13 15:00:00,91714.2421875,92997.1875,91474.03125,91877.640625,6213713920
2025-01-13 16:30:00,91897.0078125,92167.796875,91279.7109375,91666.546875,3491946496
2025-01-13 18:00:00,92063.7109375,92329.03125,91573.15625,92110.8984375,2829537280
2025-01-13 19:30:00,93656.7890625,93656.7890625,91918.65625,92120.203125,3569803264
2025-01-13 21:00:00,94611.2734375,94611.2734375,93555.40625,93562.8671875,3626631168
2025-01-13 22:30:00,94572.3828125,94572.3828125,94214.28125,94569.3515625,336109568
2025-01-14 00:00:00,94986.1640625,94986.1640625,94330.8203125,94510.078125,512131072
2025-01-14 01:30:00,94902.921875,95214.25,94610.4375,94904.546875,541581312
2025-01-14 03:00:00,94920.0703125,95100.375,94822.3125,94865.0234375,259522560
2025-01-14 04:30:00,94867.03125,95406.546875,94799.890625,94903.0,476012544
2025-01-14 06:00:00,94982.671875,95112.5703125,94737.8984375,94894.28125,90636288
2025-01-14 07:30:00,95488.5625,95737.1015625,94850.0,94986.5859375,848666624
2025-01-14 09:00:00,96776.53125,97346.2265625,95486.03125,95498.28125,2111012864
2025-01-14 10:30:00,96520.75,96768.7890625,96356.9375,96743.8203125,0
2025-01-14 12:00:00,95785.546875,96594.6484375,95747.078125,96594.6484375,0
2025-01-14 13:30:00,96163.8671875,97169.3828125,96106.4453125,96377.1015625,1044717568
2025-01-14 15:00:00,96006.78125,96935.3671875,95653.75,96207.3984375,328376320
2025-01-14 16:30:00,96374.921875,96377.7578125,95354.875,95823.3828125,287305728
2025-01-14 18:00:00,96913.3125,96947.671875,96287.7421875,96482.6953125,38146048
2025-01-14 19:30:00,96357.6953125,97049.7421875,96216.0,96836.3984375,254078976
2025-01-14 21:00:00,96598.296875,96598.296875,96300.828125,96469.2578125,0
2025-01-14 22:30:00,96545.5546875,96728.3984375,96493.3125,96615.6328125,14147584
2025-01-15 00:00:00,97068.921875,97189.03125,96511.7109375,96552.5234375,483860480
2025-01-15 01:30:00,96837.9140625,97411.421875,96743.0078125,97057.5390625,939503616
2025-01-15 03:00:00,97332.3203125,97637.9140625,96737.1953125,96825.9140625,759873536
2025-01-15 04:30:00,96982.8203125,97321.28125,96760.703125,97250.5625,596230144
2025-01-15 06:00:00,97421.3515625,97421.3515625,96831.84375,96982.75,140763136
2025-01-15 07:30:00,97187.828125,97508.5546875,97125.09375,97501.25,248582144
2025-01-15 09:00:00,97022.65625,97304.6953125,96712.40625,97172.1875,953683968
2025-01-15 10:30:00,96696.9609375,97084.1640625,96510.015625,97033.0703125,76918784
2025-01-15 12:00:00,97246.40625,97269.8125,96515.9765625,96717.59375,252022784
2025-01-15 13:30:00,99493.65625,99493.65625,98005.5078125,98052.5078125,4800299008
2025-01-15 15:00:00,99245.1953125,99727.078125,99003.4375,99469.40625,1124499456
2025-01-15 16:30:00,98652.546875,99334.9765625,98652.546875,99251.0234375,99344384
2025-01-15 18:00:00,99442.40625,99538.3828125,98726.2890625,98726.2890625,190418944
2025-01-15 19:30:00,99537.140625,100673.015625,99368.625,99368.625,2021253120
2025-01-15 21:00:00,99590.171875,99847.6796875,99546.9453125,99620.5703125,501547008
2025-01-15 22:30:00,100451.9765625,100451.9765625,99589.09375,99589.09375,1273491456
2025-01-16 00:00:00,99941.046875,100739.640625,99683.8515625,100500.3515625,1755533312
2025-01-16 01:30:00,99612.5859375,100153.109375,99496.1875,99963.359375,70254592
2025-01-16 03:00:00,99569.3125,99811.671875,99221.2890625,99632.6953125,307412992
2025-01-16 04:30:00,99376.859375,99641.0390625,99355.1328125,99578.6875,11698176
2025-01-16 06:00:00,99645.8515625,99810.3984375,99359.359375,99366.0390625,490176512
2025-01-16 07:30:00,98934.171875,99755.09375,98679.6328125,99674.4453125,1441734656
2025-01-16 09:00:00,99324.4375,99324.4375,98660.96875,98943.09375,739065856
2025-01-16 10:30:00,99184.4375,99356.671875,98770.125,99321.3515625,517373952
2025-01-16 12:00:00,99095.6640625,99434.09375,98838.34375,99097.1796875,816590848
2025-01-16 13:30:00,97605.2890625,99330.3671875,97583.59375,98982.7421875,963379200
2025-01-16 15:00:00,99676.3515625,99712.640625,97421.203125,97421.203125,1452781568
2025-01-16 16:30:00,99938.8984375,100301.671875,99187.6796875,99688.78125,1379426304
2025-01-16 18:00:00,99779.53125,99972.015625,99310.8828125,99869.0390625,430710784
2025-01-16 19:30:00,100488.1796875,100600.796875,99699.1640625,99763.171875,89645056
2025-01-16 21:00:00,99602.640625,100359.09375,99579.2421875,100359.09375,320937984
2025-01-16 22:30:00,100049.921875,100090.0,99391.8046875,99594.3125,237830144
2025-01-17 00:00:00,100215.125,100349.4375,99949.6953125,99981.2734375,0
2025-01-17 01:30:00,101033.921875,102036.5859375,100211.609375,100224.1953125,5069848576
2025-01-17 03:00:00,101068.4296875,101187.2421875,100929.765625,101063.671875,498003968
2025-01-17 04:30:00,101316.015625,101673.2265625,100985.6640625,101112.890625,1265790976
2025-01-17 06:00:00,101558.0390625,101633.7890625,101296.46875,101319.3671875,395563008
2025-01-17 07:30:00,102112.8515625,102130.3671875,101450.9375,101563.7109375,1981202432
2025-01-17 09:00:00,102204.5390625,102227.1171875,101745.015625,102086.8046875,1093095424
2025-01-17 10:30:00,102235.3359375,102499.046875,102103.6953125,102206.4453125,1069064192
2025-01-17 12:00:00,102652.375,102899.609375,102205.6328125,102229.25,881717248
2025-01-17 13:30:00,103226.09375,103265.359375,102440.0859375,102532.8125,1107947520
2025-01-17 15:00:00,104614.1796875,104723.0625,103344.4140625,103379.8046875,3076489216
2025-01-17 16:30:00,104122.96875,105198.3203125,104122.96875,104586.515625,1928507392
2025-01-17 18:00:00,105484.1171875,105694.90625,104101.734375,104101.734375,2614964224
2025-01-17 19:30:00,104661.8359375,105848.5,104624.390625,105452.390625,2190729216
2025-01-17 21:00:00,104553.953125,105063.171875,104401.2578125,104682.25,959340544
2025-01-17 22:30:00,104167.921875,104664.65625,104167.921875,104610.796875,185401344
2025-01-18 00:00:00,104612.515625,104628.7734375,104114.4140625,104114.4140625,207904768
2025-01-18 01:30:00,104288.03125,104595.578125,104152.4296875,104595.578125,67616768
2025-01-18 03:00:00,102957.1796875,104446.2265625,102672.7734375,104305.7734375,1781059584
2025-01-18 04:30:00,102874.640625,103690.7109375,102874.640625,102975.1640625,920899584
2025-01-18 06:00:00,103149.1953125,103522.0234375,102802.796875,102802.796875,1799061504
2025-01-18 07:30:00,103208.453125,103247.6796875,102263.453125,103087.78125,238657536
2025-01-18 09:00:00,103161.9140625,103377.03125,102793.5703125,103190.4609375,36823040
2025-01-18 10:30:00,103525.5859375,103760.3125,102800.46875,103086.8203125,765267968
2025-01-18 12:00:00,103415.6015625,103921.6875,103132.703125,103540.3359375,197021696
2025-01-18 13:30:00,103957.78125,104418.0390625,103500.890625,103500.890625,544641024
2025-01-18 15:00:00,103971.1484375,104885.96875,103753.046875,103932.2265625,46034944
2025-01-18 16:30:00,103801.171875,104121.46875,103120.921875,103926.9765625,0
2025-01-18 18:00:00,104020.3828125,104255.421875,103743.5703125,103785.9375,25415680
2025-01-18 19:30:00,103881.625,104392.109375,103710.59375,104068.1015625,0
2025-01-18 21:00:00,104069.921875,104139.9375,103784.8359375,103910.9296875,10432512
2025-01-18 22:30:00,104385.1171875,104559.734375,104037.984375,104116.2734375,491597824
2025-01-19 00:00:00,104227.4921875,104428.34375,103921.40625,104428.34375,212480000
2025-01-19 01:30:00,104780.171875,105290.671875,104297.6484375,104297.6484375,1448677376
2025-01-19 03:00:00,104952.984375,105043.5078125,104495.109375,104771.0546875,176500736
2025-01-19 04:30:00,104976.8984375,104976.8984375,104200.40625,104933.5625,370716672
2025-01-19 06:00:00,105119.5703125,105446.453125,104935.5234375,105007.359375,432513024
2025-01-19 07:30:00,104229.421875,105107.734375,104196.8046875,105093.6015625,439119872
2025-01-19 09:00:00,104299.34375,105218.6953125,103405.140625,104249.609375,3903172608
2025-01-19 10:30:00,104220.9375,105147.8984375,104092.6484375,104338.9375,1496395776
2025-01-19 12:00:00,104921.8125,105161.3203125,104220.4375,104233.5703125,1725030400
2025-01-19 13:30:00,105025.3125,105376.7890625,104666.3671875,104869.015625,2200178688
2025-01-19 15:00:00,104988.6328125,105067.4765625,104433.4765625,105067.4765625,773275648
2025-01-19 16:30:00,104944.1875,104987.015625,104399.8984375,104987.015625,225845248
2025-01-19 18:00:00,105079.03125,105145.4375,104790.609375,105031.6484375,85233664
2025-01-19 19:30:00,106209.3203125,106227.5,105046.7890625,105058.6953125,2143055872
2025-01-19 21:00:00,103970.515625,106159.0,102791.2734375,106159.0,7422156800
2025-01-19 22:30:00,100968.796875,103974.4296875,99622.890625,103944.9140625,10362994688
2025-01-20 00:00:00,100259.4921875,101424.3203125,99651.46875,100853.953125,7854505984
2025-01-20 01:30:00,101797.6640625,101990.90625,99928.484375,100382.046875,4402831360
2025-01-20 03:00:00,101582.875,101965.125,101371.8203125,101804.5703125,1727660032
2025-01-20 04:30:00,102232.4609375,102640.875,101587.2421875,101640.28125,1029439488
2025-01-20 06:00:00,108764.2734375,109110.390625,102158.9453125,102246.9609375,16055279616
2025-01-20 07:30:00,108181.09375,108605.3046875,107023.7890625,108605.3046875,4249493504
2025-01-20 09:00:00,108340.8359375,108969.9765625,107500.375,108156.4140625,949960704
2025-01-20 10:30:00,108097.4375,108403.3515625,107669.7421875,108391.6875,518266880
2025-01-20 12:00:00,107273.125,108499.40625,105573.1328125,108146.6875,4132569088
2025-01-20 13:30:00,107769.453125,107875.3515625,107290.7578125,107329.28125,1344692224
2025-01-20 15:00:00,105118.25,107840.640625,104324.6796875,107559.3359375,4084932608
2025-01-20 16:30:00,102875.953125,106671.5390625,100768.6328125,105378.9609375,17282408448
2025-01-20 18:00:00,103339.6796875,104334.1953125,102797.1640625,102797.1640625,6306209792
2025-01-20 19:30:00,103739.0,104139.1796875,102698.1015625,103103.7421875,979812352
2025-01-20 21:00:00,102787.640625,103913.1953125,101956.078125,103556.9609375,0
2025-01-20 22:30:00,102082.0234375,103622.078125,101684.484375,102937.265625,55582720
2025-01-21 00:00:00,101282.2265625,102456.28125,101017.3359375,102130.6484375,85819392
2025-01-21 01:30:00,102435.6484375,102529.0390625,100103.953125,100351.1328125,2234687488
2025-01-21 03:00:00,102688.9921875,103027.453125,102196.78125,102305.375,574128128
2025-01-21 04:30:00,101279.3671875,102579.953125,101271.671875,102579.953125,394772480
2025-01-21 06:00:00,102313.828125,102319.5078125,101137.6328125,101260.0859375,700096512
2025-01-21 07:30:00,102272.609375,102301.875,101719.3203125,102301.875,30359552
2025-01-21 09:00:00,103079.4140625,103079.4140625,102039.1484375,102350.3046875,152248320
2025-01-21 10:30:00,103665.421875,103838.5703125,102896.0625,102950.828125,990396416
2025-01-21 12:00:00,104557.7578125,104868.25,103582.3359375,103671.9453125,317374464
2025-01-21 13:30:00,102967.671875,105042.1953125,102967.671875,104406.828125,1733115904
2025-01-21 15:00:00,105372.3359375,106302.28125,102822.71875,103243.140625,2980388864
2025-01-21 16:30:00,106106.2265625,106243.1640625,104833.9296875,105444.7109375,65847296
2025-01-21 18:00:00,106819.7109375,107156.8828125,105928.2421875,106148.09375,1247772672
2025-01-21 19:30:00,106168.4765625,107098.890625,106011.859375,106885.1875,1255366656
2025-01-21 21:00:00,106385.6640625,106790.015625,105865.5859375,106144.4921875,752803840
2025-01-21 22:30:00,106193.625,106416.4921875,105511.453125,106416.4921875,184197120
2025-01-22 00:00:00,105675.6015625,106294.34375,105675.6015625,106153.734375,0
2025-01-22 01:30:00,105728.46875,106100.75,105498.109375,105674.984375,93290496
2025-01-22 03:00:00,105728.0703125,105881.4609375,105607.78125,105638.796875,0
2025-01-22 04:30:00,105703.953125,105813.2265625,105418.578125,105745.3984375,12812288
2025-01-22 06:00:00,105472.6015625,105904.421875,105250.7890625,105679.1484375,255049728
2025-01-22 07:30:00,105247.2734375,105467.0234375,104740.84375,105467.0234375,386973696
2025-01-22 09:00:00,104928.8515625,105248.234375,104694.40625,105248.234375,0
2025-01-22 10:30:00,105291.171875,105392.8515625,104786.0390625,104963.03125,65429504
2025-01-22 12:00:00,104891.40625,105544.875,104886.703125,105040.6875,0
2025-01-22 13:30:00,104500.1328125,104873.203125,103691.5859375,104873.203125,1190006784
2025-01-22 15:00:00,103990.1875,105064.1953125,103726.6328125,104242.9296875,0
2025-01-22 16:30:00,104290.5703125,104542.5546875,103370.234375,103970.9296875,346378240
2025-01-22 18:00:00,104489.625,104696.6328125,103842.7578125,104341.8671875,0
2025-01-22 19:30:00,104391.625,104754.25,104082.1875,104445.3984375,133279744
2025-01-22 21:00:00,103984.2109375,104270.1796875,103682.3046875,104270.1796875,0
2025-01-22 22:30:00,103670.3125,104411.453125,103654.1171875,103985.546875,139714560
2025-01-23 00:00:00,103441.734375,103724.546875,103064.859375,103654.8125,283316224
2025-01-23 01:30:00,102645.40625,103559.3671875,102079.8984375,103559.3671875,2290286592
2025-01-23 03:00:00,101800.984375,102906.5546875,101725.796875,102598.4140625,1225248768
2025-01-23 04:30:00,102386.546875,102513.7109375,101534.4140625,101737.171875,2247770112
2025-01-23 06:00:00,102243.2734375,102837.328125,102031.703125,102431.8125,875048960
2025-01-23 07:30:00,102169.453125,102654.4921875,102052.5078125,102253.2421875,475029504
2025-01-23 09:00:00,101931.0234375,102396.296875,101582.609375,102183.2421875,1684451328
2025-01-23 10:30:00,101931.96875,102137.125,101259.078125,101909.5625,1498103808
2025-01-23 12:00:00,101552.671875,102054.953125,101321.1015625,101927.0859375,1421561856
2025-01-23 13:30:00,104813.5,105870.7421875,101763.765625,101763.765625,4988346368
2025-01-23 15:00:00,105929.703125,106737.7109375,103048.8515625,104992.0234375,12944449536
2025-01-23 16:30:00,105912.9140625,106347.390625,104535.265625,106060.640625,3022946304
2025-01-23 18:00:00,104925.0625,106055.265625,104594.734375,105945.1953125,1194311680
2025-01-23 19:30:00,103547.2421875,106213.1875,102881.640625,104907.375,12134703104
2025-01-23 21:00:00,103980.671875,104099.7109375,102523.4921875,103092.6015625,4989452288
2025-01-23 22:30:00,104064.984375,104511.125,103870.984375,104302.8515625,1393434624
2025-01-24 00:00:00,103627.3984375,104150.9921875,103445.40625,103925.5625,287121408
2025-01-24 01:30:00,103023.953125,103620.4296875,102979.3125,103620.4296875,13221888
2025-01-24 03:00:00,103959.9140625,104179.2890625,102816.359375,103024.5859375,1380147200
2025-01-24 04:30:00,105206.6875,105206.6875,103966.6875,103966.6875,225099776
2025-01-24 06:00:00,104661.6796875,105237.140625,104647.1875,105202.484375,59064320
2025-01-24 07:30:00,105499.265625,105547.640625,104691.609375,104727.6015625,146038784
2025-01-24 09:00:00,105128.21875,105736.1796875,105095.4296875,105490.3125,35905536
2025-01-24 10:30:00,105441.671875,105479.1875,105129.65625,105235.65625,56762368
2025-01-24 12:00:00,105207.9921875,105652.1796875,105014.1796875,105452.21875,0
2025-01-24 13:30:00,105850.40625,106137.015625,104819.109375,105241.3984375,0
2025-01-24 15:00:00,106114.9140625,106114.9140625,105323.7421875,105776.8359375,0
2025-01-24 16:30:00,106437.4453125,106700.078125,105673.4453125,106037.2578125,182714368
2025-01-24 18:00:00,106429.3359375,107057.9140625,106022.015625,106476.03125,879239168
2025-01-24 19:30:00,105250.4296875,106449.796875,104848.2265625,106393.40625,286695424
2025-01-24 21:00:00,105015.6953125,105336.3203125,104820.03125,104820.03125,0
2025-01-24 22:30:00,104840.0625,105183.6640625,104470.03125,104979.3046875,66187264
2025-01-25 00:00:00,104685.9453125,104839.46875,104402.9140625,104839.46875,194945024
2025-01-25 01:30:00,104501.3828125,104784.3515625,104476.6953125,104756.1640625,0
2025-01-25 03:00:00,104831.171875,105169.0,104455.0703125,104517.28125,0
2025-01-25 04:30:00,104305.5390625,104829.609375,104280.6953125,104829.609375,0
2025-01-25 06:00:00,104451.0,104451.0,104193.8515625,104293.625,16384
2025-01-25 07:30:00,104281.875,104455.5859375,104148.515625,104434.609375,0
2025-01-25 09:00:00,104249.234375,104410.171875,104130.703125,104308.3359375,64270336
2025-01-25 10:30:00,104650.4921875,104666.4375,104248.296875,104248.296875,16285696
2025-01-25 12:00:00,104720.4140625,104824.5234375,104448.8046875,104615.3359375,26099712
2025-01-25 13:30:00,104585.796875,104758.625,104486.3984375,104710.5390625,0
2025-01-25 15:00:00,104760.8046875,105023.1484375,104583.2734375,104583.2734375,0
2025-01-25 16:30:00,104777.1484375,104810.125,104484.2890625,104776.75,0
2025-01-25 18:00:00,105073.625,105232.34375,104839.78125,104889.953125,0
2025-01-25 19:30:00,104953.7578125,105163.8515625,104938.8203125,105001.28125,0
2025-01-25 21:00:00,105036.71875,105217.6484375,104880.1796875,104937.125,29179904
2025-01-25 22:30:00,104696.578125,105125.3828125,104684.4140625,105024.296875,14497792
2025-01-26 00:00:00,104676.2109375,104804.078125,104516.9765625,104720.7578125,0
2025-01-26 01:30:00,104630.6796875,104723.109375,104512.65625,104689.6953125,23400448
2025-01-26 03:00:00,105354.4453125,105360.6875,104645.8984375,104645.8984375,343508992
2025-01-26 04:30:00,105078.9296875,105339.5234375,104978.6796875,105339.5234375,137080832
2025-01-26 06:00:00,105008.671875,105071.1171875,104919.0234375,105068.0625,4425728
2025-01-26 07:30:00,105010.65625,105144.53125,104846.1640625,104990.21875,101122048
2025-01-26 09:00:00,104573.6484375,105002.1640625,104445.6328125,105002.1640625,547860480
2025-01-26 10:30:00,104809.2421875,104814.5859375,104494.140625,104608.5625,52037632
2025-01-26 12:00:00,104909.5625,104995.4296875,104692.078125,104800.4765625,144922624
2025-01-26 13:30:00,104949.390625,105008.8203125,104802.25,104913.390625,53911552
2025-01-26 15:00:00,104932.375,105036.640625,104890.78125,104934.984375,785070080
2025-01-26 16:30:00,104960.421875,105027.0078125,104910.5625,104955.8203125,0
2025-01-26 18:00:00,105075.2578125,105227.3046875,104933.8671875,104939.1484375,91486208
2025-01-26 19:30:00,104905.5234375,105165.3125,104905.5234375,105043.515625,47185920
2025-01-26 21:00:00,104502.4609375,104965.6015625,104382.7578125,104935.03125,540313600
2025-01-26 22:30:00,102545.53125,104682.1953125,102545.53125,104518.421875,3840688128
2025-01-27 00:00:00,101676.1171875,103186.03125,101299.8046875,102614.0078125,5189670912
2025-01-27 01:30:00,100905.171875,101873.8828125,100876.125,101630.5625,4399761408
2025-01-27 03:00:00,100878.453125,101753.3671875,100797.1875,100934.390625,2755129344
2025-01-27 04:30:00,100339.5546875,100894.0390625,99707.296875,100865.6328125,4305403904
2025-01-27 06:00:00,98104.703125,100408.625,98089.734375,100294.46875,6927212544
2025-01-27 07:30:00,98964.0703125,99321.8359375,97906.9765625,97906.9765625,5966331904
2025-01-27 09:00:00,99094.859375,99432.1484375,98797.9296875,99016.34375,2489638912
2025-01-27 10:30:00,98816.921875,99261.578125,98272.921875,99088.9453125,3914448896
2025-01-27 12:00:00,100913.9609375,101566.5,98776.7265625,98776.7265625,5982785536
2025-01-27 13:30:00,102057.0546875,102267.6953125,100155.6875,100893.6875,6977974272
2025-01-27 15:00:00,100661.6953125,102037.625,100612.1796875,101994.6875,5263368192
2025-01-27 16:30:00,99204.6484375,100816.5859375,99121.125,100816.5859375,4968685568
2025-01-27 18:00:00,99689.8125,99689.8125,99005.7421875,99127.7890625,3240902656
2025-01-27 19:30:00,101646.875,101686.96875,99391.6796875,99674.546875,3879108608
2025-01-27 21:00:00,101494.7578125,102251.3984375,100986.5,101426.3671875,3075088384
2025-01-27 22:30:00,102143.265625,102143.265625,101463.46875,101463.46875,356663296
2025-01-28 00:00:00,101491.640625,102789.421875,101491.640625,102097.46875,328835072
2025-01-28 01:30:00,102319.28125,102358.8515625,101363.5625,101472.9375,549928960
2025-01-28 03:00:00,102955.3046875,102955.3046875,102059.796875,102388.1171875,222765056
2025-01-28 04:30:00,102981.2890625,103339.625,102847.6640625,102984.3828125,74129408
2025-01-28 06:00:00,103304.4140625,103315.484375,102553.1328125,103022.5390625,0
2025-01-28 07:30:00,102807.875,103288.9296875,102664.6484375,103288.9296875,30523392
2025-01-28 09:00:00,102998.328125,103144.3359375,102456.7734375,102815.8671875,147546112
2025-01-28 10:30:00,102774.9609375,102953.7734375,102600.328125,102894.1328125,0
2025-01-28 12:00:00,102856.078125,102955.4140625,102496.0859375,102719.1640625,0
2025-01-28 13:30:00,102725.4921875,102805.3046875,101884.0,102704.9765625,56176640
2025-01-28 15:00:00,102039.109375,103730.8203125,102002.28125,102777.3671875,617312256
2025-01-28 16:30:00,102669.5859375,103087.5546875,101999.875,102040.859375,68190208
2025-01-28 18:00:00,102243.546875,102997.6875,101859.1171875,102582.484375,469979136
2025-01-28 19:30:00,101185.9140625,102611.4296875,101185.9140625,102215.4609375,0
2025-01-28 21:00:00,100608.890625,101430.7578125,100265.703125,101217.890625,779759616
2025-01-28 22:30:00,101327.4140625,101351.7578125,100528.5078125,100608.890625,445874176
2025-01-29 00:00:00,101617.59375,101873.921875,101287.8359375,101287.8359375,278487040
2025-01-29 01:30:00,101733.28125,102209.0390625,101438.75,101630.2890625,99291136
2025-01-29 03:00:00,102082.96875,102096.484375,101734.921875,101734.921875,0
2025-01-29 04:30:00,102202.078125,102304.1875,101959.890625,102082.96875,70701056
2025-01-29 06:00:00,102503.453125,102772.4765625,102212.46875,102212.46875,242335744
2025-01-29 07:30:00,102675.328125,102928.484375,102461.5625,102508.671875,236081152
2025-01-29 09:00:00,102535.21875,102718.46875,102192.7265625,102694.6484375,166891520
2025-01-29 10:30:00,102541.5,102710.2109375,102400.953125,102503.3828125,62672896
2025-01-29 12:00:00,101884.109375,102733.671875,101815.7421875,102586.8671875,1486565376
2025-01-29 13:30:00,102004.390625,102155.125,101596.1328125,101818.6484375,273383424
2025-01-29 15:00:00,101844.7578125,102389.6484375,101711.7109375,102066.75,4460544
2025-01-29 16:30:00,102530.140625,102646.7109375,101823.1640625,101836.28125,358875136
2025-01-29 18:00:00,101511.140625,102979.7890625,101502.1328125,102456.6953125,1936928768
2025-01-29 19:30:00,104304.0234375,104730.4375,101499.03125,101499.03125,7831138304
2025-01-29 21:00:00,103631.65625,104317.53125,103450.9609375,104276.5390625,949403648
2025-01-29 22:30:00,103736.0078125,104274.65625,103468.3515625,103693.1171875,502874112
2025-01-30 00:00:00,104445.7421875,104452.9921875,103425.5546875,103718.0546875,897703936
2025-01-30 01:30:00,104486.0703125,104486.9453125,104070.765625,104403.09375,1055817728
2025-01-30 03:00:00,105111.1640625,105262.390625,104545.7734375,104627.1015625,2276114432
2025-01-30 04:30:00,105311.1640625,105515.2421875,104881.75,105074.8984375,1229840384
2025-01-30 06:00:00,104976.703125,105579.8046875,104903.046875,105355.8828125,387117056
2025-01-30 07:30:00,105115.921875,105300.6640625,104828.6015625,104992.5703125,263778304
2025-01-30 09:00:00,105252.03125,105515.9296875,105058.09375,105090.125,352706560
2025-01-30 10:30:00,105330.8515625,105378.9375,105089.1171875,105291.5234375,86622208
2025-01-30 12:00:00,105204.6796875,105322.1796875,104905.2734375,105322.1796875,50077696
2025-01-30 13:30:00,105820.5546875,106196.765625,104707.40625,105220.671875,1527361536
2025-01-30 15:00:00,105891.109375,106281.8984375,105491.359375,105892.9140625,2364575744
2025-01-30 16:30:00,105281.765625,105975.7421875,104961.2265625,105975.7421875,377483264
2025-01-30 18:00:00,105354.7734375,105606.046875,104794.6875,105360.171875,95318016
2025-01-30 19:30:00,105103.5859375,105807.375,104936.6171875,105297.8828125,0
2025-01-30 21:00:00,105094.0625,105215.6640625,104878.9765625,104992.890625,0
2025-01-30 22:30:00,104748.6953125,105332.1640625,104748.6953125,105131.7109375,15175680
2025-01-31 00:00:00,104458.359375,104992.7109375,104439.953125,104758.4609375,322977792
2025-01-31 01:30:00,104419.28125,104826.859375,104280.3515625,104472.71875,22224896
2025-01-31 03:00:00,104495.765625,104495.8046875,103973.2734375,104372.859375,156979200
2025-01-31 04:30:00,104267.2109375,104490.1015625,103997.4765625,104490.1015625,8495104
2025-01-31 06:00:00,104755.171875,104775.734375,104292.515625,104292.515625,76599296
2025-01-31 07:30:00,104056.5546875,104713.5234375,104042.9609375,104713.5234375,441090048
2025-01-31 09:00:00,104119.09375,104289.4375,103925.125,104047.265625,201805824
2025-01-31 10:30:00,104751.8515625,104791.0625,104116.3359375,104138.4140625,563400704
2025-01-31 12:00:00,104885.703125,105006.828125,104606.234375,104689.2109375,553017344
2025-01-31 13:30:00,104414.3828125,104939.984375,104161.5234375,104907.6328125,213164032
2025-01-31 15:00:00,104807.1015625,105863.7734375,104413.3125,104413.3125,1435103232
2025-01-31 16:30:00,104669.6640625,105060.546875,104669.6640625,104856.1484375,1077866496
2025-01-31 18:00:00,102367.0,104802.03125,102177.0234375,104578.03125,4032888832
2025-01-31 19:30:00,101603.8828125,102580.21875,101603.8828125,102449.7578125,2870882304
2025-01-31 21:00:00,102243.3046875,102262.2109375,101566.3203125,101644.7109375,1440686080
2025-01-31 22:30:00,102390.9296875,102451.7734375,102010.875,102335.3828125,899756032
2025-02-01 00:00:00,102670.046875,102674.234375,102249.765625,102405.390625,191873024
2025-02-01 01:30:00,102448.1796875,102754.0546875,102448.1796875,102692.375,122753024
2025-02-01 03:00:00,102222.7890625,102487.1796875,102167.453125,102450.5078125,129110016
2025-02-01 04:30:00,102484.046875,102550.8515625,102222.71875,102223.078125,99876864
2025-02-01 06:00:00,102301.03125,102553.7734375,102200.625,102484.3828125,21598208
2025-02-01 07:30:00,102008.09375,102356.0234375,101859.4453125,102285.203125,216014848
2025-02-01 09:00:00,101854.0625,101993.7265625,101497.71875,101993.7265625,471298048
2025-02-01 10:30:00,101978.8359375,102008.65625,101620.9140625,101860.3515625,123375616
2025-02-01 12:00:00,102222.4921875,102281.6171875,101984.2421875,101995.71875,39407616
2025-02-01 13:30:00,101817.0390625,102249.3203125,101800.3203125,102217.9140625,59793408
2025-02-01 15:00:00,102079.84375,102191.765625,101724.109375,101849.3125,0
2025-02-01 16:30:00,102238.734375,102263.8515625,101868.6796875,102057.625,0
2025-02-01 18:00:00,101795.7890625,102260.0703125,101795.7890625,102248.015625,0
2025-02-01 19:30:00,101377.6875,101817.9375,100982.296875,101787.4296875,0
2025-02-01 21:00:00,100761.5,101540.2109375,100750.65625,101218.4921875,223211520
2025-02-01 22:30:00,100644.203125,100906.2265625,100309.859375,100619.1875,1302298624
2025-02-02 00:00:00,101362.890625,101399.921875,100506.703125,100624.8984375,459059200
2025-02-02 01:30:00,100527.875,101370.3984375,100480.0390625,101370.3984375,529856512
2025-02-02 03:00:00,99478.2578125,100677.25,99094.8359375,100468.65625,4343980032
2025-02-02 04:30:00,100304.8671875,100332.8984375,99493.0859375,99495.359375,1601052672
2025-02-02 06:00:00,99882.203125,100459.2421875,99882.203125,100262.34375,940515328
2025-02-02 07:30:00,99820.5859375,100053.65625,99337.3828125,99877.5703125,1069543424
2025-02-02 09:00:00,99405.9296875,99829.2578125,99278.4453125,99814.0546875,583561216
2025-02-02 10:30:00,98986.8515625,99585.0234375,98679.0703125,99387.265625,1606574080
2025-02-02 12:00:00,98702.0859375,99100.7734375,98153.0078125,98823.0234375,2464681984
2025-02-02 13:30:00,99215.03125,99388.984375,98498.671875,98615.7421875,2161938432
2025-02-02 15:00:00,98825.640625,99343.4453125,98825.640625,99079.640625,1169055744
2025-02-02 16:30:00,97080.8828125,98903.953125,96982.6796875,98843.4921875,5211922432
2025-02-02 18:00:00,97408.4140625,97781.546875,96819.53125,97112.2109375,6181560320
2025-02-02 19:30:00,97771.3125,98595.7890625,97456.953125,97456.953125,1710661632
2025-02-02 21:00:00,97390.8046875,97897.3828125,96646.671875,97586.3046875,2497536000
2025-02-02 22:30:00,97682.859375,97948.375,96308.921875,97335.4453125,4142211072
2025-02-03 00:00:00,95165.90625,97663.9140625,95131.6171875,97663.9140625,9117900800
2025-02-03 01:30:00,93667.0859375,95238.671875,91496.1953125,95066.5234375,18703384576
2025-02-03 03:00:00,93533.0546875,94664.265625,93348.109375,93699.25,2164285440
2025-02-03 04:30:00,94274.9765625,94274.9765625,92791.640625,93465.375,2423365632
2025-02-03 06:00:00,94285.453125,94618.3984375,93816.953125,94236.109375,2266447872
2025-02-03 07:30:00,95417.09375,95652.3671875,94135.765625,94298.09375,2545967104
2025-02-03 09:00:00,95167.4296875,95999.6484375,94924.1796875,95401.5,2051170304
2025-02-03 10:30:00,95160.6953125,95772.234375,95030.4609375,95169.6328125,595460096
2025-02-03 12:00:00,94461.5390625,95598.03125,94461.5390625,95193.9140625,886104064
2025-02-03 13:30:00,96702.8359375,96702.8359375,94267.5390625,94637.1953125,5151531008
2025-02-03 15:00:00,98948.8515625,99510.4453125,96375.34375,96681.5390625,9770049536
2025-02-03 16:30:00,99010.7421875,99244.4453125,98200.7421875,98850.703125,575283200
2025-02-03 18:00:00,100696.828125,100915.125,99163.8515625,99275.7578125,1425235968
2025-02-03 19:30:00,101230.265625,102005.890625,100653.5390625,100653.5390625,3045957632
2025-02-03 21:00:00,102147.140625,102514.171875,101078.46875,101192.5625,1403764736
2025-02-03 22:30:00,101403.09375,102058.1171875,101403.09375,102058.1171875,0
2025-02-04 00:00:00,101205.5234375,101726.609375,100822.515625,101469.5859375,0
2025-02-04 01:30:00,100919.2578125,101731.59375,100919.2578125,101245.703125,0
2025-02-04 03:00:00,100415.5,101088.0625,100303.3984375,100910.1640625,119455744
2025-02-04 04:30:00,99007.703125,100362.6328125,98382.7578125,100362.6328125,1641431040
2025-02-04 06:00:00,99092.3046875,99638.2890625,98975.7421875,98994.765625,380813312
2025-02-04 07:30:00,98269.2265625,99102.6484375,97963.3046875,99063.6171875,3451371520
2025-02-04 09:00:00,98779.9140625,98906.796875,98360.0078125,98360.0078125,3236970496
2025-02-04 10:30:00,99059.7890625,99414.109375,98640.265625,98811.28125,3535052800
2025-02-04 12:00:00,99540.84375,99646.421875,99037.421875,99037.421875,1488732160
2025-02-04 13:30:00,100056.96875,100343.1796875,98726.328125,99545.84375,3880919040
2025-02-04 15:00:00,99828.6015625,100204.9140625,98596.046875,100066.2421875,4158029824
2025-02-04 16:30:00,99237.453125,99827.6640625,98921.6953125,99827.6640625,3783696384
2025-02-04 18:00:00,100414.0078125,100736.0078125,98856.34375,99182.6953125,1923944448
2025-02-04 19:30:00,98747.2109375,100737.46875,98036.15625,100591.8828125,7157567488
2025-02-04 21:00:00,96887.734375,98506.546875,96223.234375,98506.546875,15898116096
2025-02-04 22:30:00,97887.1875,98098.671875,96840.3828125,97084.984375,4871938048
2025-02-05 00:00:00,98286.7109375,98933.5703125,97780.078125,97807.84375,2411913216
2025-02-05 01:30:00,98043.0234375,98355.53125,97251.8046875,98261.03125,7915757568
2025-02-05 03:00:00,97993.9296875,98277.125,97842.5703125,98028.625,2274279424
2025-02-05 04:30:00,98166.96875,98313.703125,97753.84375,97941.125,2650451968
2025-02-05 06:00:00,97588.515625,98208.765625,97436.5703125,98170.390625,3895328768
2025-02-05 07:30:00,97661.109375,98049.1953125,97554.6328125,97651.984375,2990952448
2025-02-05 09:00:00,97945.15625,97948.625,97317.171875,97665.71875,3330260992
2025-02-05 10:30:00,98232.234375,98242.7265625,97762.2578125,97968.171875,4668616704
2025-02-05 12:00:00,98502.1015625,98702.8359375,98027.2578125,98229.9921875,2134827008
2025-02-05 13:30:00,98219.3828125,99081.859375,98219.3828125,98468.53125,2314485760
2025-02-05 15:00:00,97716.5625,98511.0859375,97417.09375,98461.890625,2346508288
2025-02-05 16:30:00,97633.5546875,98237.125,97437.0,97803.3125,4117655552
2025-02-05 18:00:00,97066.7890625,97672.328125,96527.2890625,97581.7734375,5623795712
2025-02-05 19:30:00,97493.890625,97711.953125,96979.7109375,97154.171875,3503611904
2025-02-05 21:00:00,96631.2890625,97496.96875,96549.4609375,97326.015625,2329788416
2025-02-05 22:30:00,96619.953125,96806.328125,96184.8984375,96573.515625,3892641792
2025-02-06 00:00:00,97079.453125,97151.2890625,96517.765625,96547.3203125,3819593728
2025-02-06 01:30:00,97388.2421875,97388.2421875,96878.828125,96975.1875,1630527488
2025-02-06 03:00:00,97714.9453125,97811.484375,97162.640625,97372.03125,2984886272
2025-02-06 04:30:00,97845.890625,97866.4765625,97534.9609375,97721.0546875,2089021440
2025-02-06 06:00:00,98199.2578125,98425.375,97777.1015625,97852.1796875,3435192320
2025-02-06 07:30:00,98185.734375,98327.8671875,98042.796875,98327.8671875,4023812096
2025-02-06 09:00:00,98986.1015625,98986.1015625,98189.546875,98189.546875,4160385024
2025-02-06 10:30:00,98930.5078125,99168.609375,98468.78125,98926.890625,4223139840
2025-02-06 12:00:00,98293.3359375,99036.609375,98224.0703125,98975.9375,2634858496
2025-02-06 13:30:00,97908.109375,98776.8203125,97876.2421875,98278.09375,5350645760
2025-02-06 15:00:00,97016.46875,98019.015625,97004.1953125,97848.3046875,4343095296
2025-02-06 16:30:00,96834.6171875,97147.15625,96486.609375,97021.28125,7028924416
2025-02-06 18:00:00,96589.15625,96892.5703125,96010.40625,96608.015625,6245003264
2025-02-06 19:30:00,96842.25,97057.59375,95792.171875,96137.4765625,4541595648
2025-02-06 21:00:00,96448.0390625,96914.8828125,96167.1328125,96876.3671875,4516012032
2025-02-06 22:30:00,96614.6796875,96931.2734375,96236.015625,96458.9765625,4635447296
2025-02-07 00:00:00,96691.0078125,96916.4609375,96428.53125,96647.3515625,3810988032
2025-02-07 01:30:00,97516.8203125,97722.734375,96610.859375,96714.9375,4880564224
2025-02-07 03:00:00,97665.984375,97757.5078125,97285.1171875,97558.15625,3418902528
2025-02-07 04:30:00,97315.9453125,97845.8046875,97227.2421875,97663.5625,4320804864
2025-02-07 06:00:00,97011.84375,97362.7578125,96636.375,97362.7578125,3917217792
2025-02-07 07:30:00,97048.4609375,97254.5546875,96672.3203125,96977.109375,4465205248
2025-02-07 09:00:00,97441.1640625,97474.1875,97037.4921875,97037.4921875,1981706240
2025-02-07 10:30:00,97755.171875,97773.578125,97292.0078125,97449.2734375,3275304960
2025-02-07 12:00:00,97719.9921875,98033.2890625,97572.65625,97779.1953125,1287446528
2025-02-07 13:30:00,99764.6796875,100153.921875,97532.65625,97722.71875,8049946624
2025-02-07 15:00:00,98117.234375,99535.7578125,97741.375,99535.7578125,9706737664
2025-02-07 16:30:00,97483.7109375,98296.3828125,97324.953125,98100.8359375,3558703104
2025-02-07 18:00:00,97459.7421875,98304.8359375,97286.5390625,97450.0703125,3914719232
2025-02-07 19:30:00,95800.640625,97504.4765625,95800.640625,97504.4765625,5443014656
2025-02-07 21:00:00,95843.640625,96153.421875,95741.59375,95765.421875,5278052352
2025-02-07 22:30:00,96508.671875,96564.984375,95713.8828125,95856.4296875,5048799232
2025-02-08 00:00:00,96697.1640625,96853.5859375,96442.3671875,96541.4921875,4223905792
2025-02-08 01:30:00,96781.9453125,96813.78125,96489.9296875,96680.0546875,3582918656
2025-02-08 03:00:00,96549.03125,96871.734375,96535.3125,96779.34375,4910784512
2025-02-08 04:30:00,96196.5078125,96490.5859375,96120.3125,96490.5859375,3216764928
2025-02-08 06:00:00,96014.9609375,96221.1015625,95834.046875,96221.1015625,3492294656
2025-02-08 07:30:00,95928.78125,96294.390625,95908.4765625,96008.0703125,2856787968
2025-02-08 09:00:00,96212.0859375,96277.640625,95918.9375,95918.9375,3076280320
2025-02-08 10:30:00,96086.25,96245.46875,95880.1640625,96221.765625,3061985280
2025-02-08 12:00:00,96188.625,96225.578125,95933.453125,96128.2109375,2919436288
2025-02-08 13:30:00,96067.4609375,96419.96875,95984.5234375,96197.9296875,1997828096
2025-02-08 15:00:00,95963.671875,96192.4296875,95716.0390625,96080.1953125,1725362176
2025-02-08 16:30:00,96357.59375,96358.078125,95913.9296875,95985.890625,1673830400
2025-02-08 18:00:00,96684.234375,96684.234375,96249.0,96364.203125,5020805120
2025-02-08 19:30:00,96478.3125,96723.6484375,96387.6328125,96648.28125,2246121472
2025-02-08 21:00:00,96573.5078125,96679.1796875,96389.3359375,96464.703125,2000732160
2025-02-08 22:30:00,96504.9609375,96711.484375,96433.1015625,96583.65625,2465597440
2025-02-09 00:00:00,96827.0234375,96845.5234375,96422.140625,96473.75,2633152512
2025-02-09 01:30:00,96782.125,97007.84375,96659.1328125,96870.4375,4408973312
2025-02-09 03:00:00,97096.171875,97298.3671875,96747.7265625,96762.9140625,3823060992
2025-02-09 04:30:00,97056.5078125,97318.9140625,97040.1953125,97083.640625,2533939200
2025-02-09 06:00:00,97016.0625,97075.984375,96848.3203125,97061.5625,3130804224
2025-02-09 07:30:00,97175.734375,97265.6796875,97043.375,97055.5078125,2211596288
2025-02-09 09:00:00,96821.5703125,97129.9375,96732.109375,97129.9375,3692490752
2025-02-09 10:30:00,96664.265625,96979.890625,96664.1171875,96826.6640625,2047246336
2025-02-09 12:00:00,96256.0625,96716.90625,96232.9921875,96544.2265625,3395971072
2025-02-09 13:30:00,96130.875,96274.90625,95814.5078125,96208.953125,3128993792
2025-02-09 15:00:00,96518.6015625,96634.265625,96163.96875,96163.96875,3833137152
2025-02-09 16:30:00,96205.796875,96568.46875,96019.046875,96478.640625,2103992320
2025-02-09 18:00:00,96069.7265625,96278.65625,96024.1796875,96191.65625,1848582144
2025-02-09 19:30:00,96263.515625,96694.1953125,95938.125,96071.3828125,3610318848
2025-02-09 21:00:00,95704.625,96336.0234375,94780.5,96336.0234375,5497382912
2025-02-09 22:30:00,96505.203125,96544.0234375,95622.1484375,95702.6484375,5543530496
2025-02-10 00:00:00,96267.6015625,97098.9765625,96176.1171875,96488.453125,5484187648
2025-02-10 01:30:00,95813.84375,96351.4921875,95400.0,96238.140625,8608290816
2025-02-10 03:00:00,97016.1640625,97091.328125,95811.921875,95811.921875,4549988352
2025-02-10 04:30:00,97005.6796875,97586.2890625,96840.65625,97042.7265625,4542164992
2025-02-10 06:00:00,97170.3203125,97362.4609375,96820.953125,97169.6640625,2365849600
2025-02-10 07:30:00,97727.5390625,97885.3125,97132.140625,97132.140625,4524068864
2025-02-10 09:00:00,97928.125,97948.1484375,97510.8515625,97703.7890625,5395230720
2025-02-10 10:30:00,97691.328125,97945.1875,97685.34375,97945.1875,2487382016
2025-02-10 12:00:00,97537.140625,97794.7109375,97234.5625,97720.875,3380883456
2025-02-10 13:30:00,97347.1953125,98311.4140625,97203.3671875,97512.75,4025585664
2025-02-10 15:00:00,97087.546875,97532.0546875,96928.2109375,97351.3203125,4893745152
2025-02-10 16:30:00,97479.953125,97494.03125,96950.765625,97057.65625,4389015552
2025-02-10 18:00:00,97580.171875,97626.78125,97226.75,97506.9609375,3941756928
2025-02-10 19:30:00,97362.6171875,97621.7734375,97269.90625,97604.4609375,3770437632
2025-02-10 21:00:00,97502.3515625,97502.3515625,97181.8984375,97370.265625,2009489408
2025-02-10 22:30:00,97434.1796875,97501.7890625,97282.5390625,97501.7890625,2551685120
