open_time,open,high,low,close,volume,close_time,quote_asset_volume,num_trades,taker_buy_base_vol,taker_buy_quote_vol,ignore
2017-08-14 00:00:00,4261.48000000,4485.39000000,3850.00000000,4086.29000000,2843.43142600,2017-08-20 23:59:59,12021576.48265154,13134,2240.24924000,9482742.92094674,0
2017-08-21 00:00:00,4069.13000000,4453.91000000,3400.00000000,4310.01000000,4599.39662900,2017-08-27 23:59:59,18978983.50987317,37826,1755.53026500,7173180.19744751,0
2017-08-28 00:00:00,4310.01000000,4939.19000000,4124.54000000,4509.08000000,4753.84337600,2017-09-03 23:59:59,21581679.92866748,35717,1371.03442800,6237542.20612072,0
2017-09-04 00:00:00,4505.00000000,4788.59000000,3603.00000000,4130.37000000,6382.78774500,2017-09-10 23:59:59,27307824.36893929,42372,2821.42273900,12120979.77068529,0
2017-09-11 00:00:00,4153.62000000,4394.59000000,2817.00000000,3699.99000000,8106.70512700,2017-09-17 23:59:59,30026796.42861788,50423,3763.12845200,13956149.18844029,0
2017-09-18 00:00:00,3690.00000000,4123.20000000,3505.55000000,3660.02000000,5908.32335000,2017-09-24 23:59:59,22501242.65454204,56785,2821.43888700,10711864.12380805,0
2017-09-25 00:00:00,3660.02000000,4406.52000000,3653.69000000,4378.48000000,5782.30542400,2017-10-01 23:59:59,23750419.76839855,71484,2482.36136700,10200163.49185349,0
2017-10-02 00:00:00,4400.00000000,4658.00000000,4110.00000000,4640.00000000,4708.27295600,2017-10-08 23:59:59,20366578.25125568,59658,2077.80349000,9008752.49455302,0
2017-10-09 00:00:00,4640.00000000,5922.30000000,4550.00000000,5709.99000000,7913.92583700,2017-10-15 23:59:59,42038755.95644524,61638,4280.12726900,22483871.99105491,0
2017-10-16 00:00:00,5710.00000000,6171.00000000,5037.95000000,5950.02000000,12157.76944700,2017-10-22 23:59:59,69446644.86619962,75969,5501.91240000,31411073.98003196,0
2017-10-23 00:00:00,5975.00000000,6189.88000000,5286.98000000,6169.98000000,13133.99457000,2017-10-29 23:59:59,75229774.73890872,74778,5845.14325200,33499318.44481458,0
2017-10-30 00:00:00,6133.01000000,7590.25000000,6030.00000000,7345.01000000,11663.20964800,2017-11-05 23:59:59,79517426.53915779,98387,5037.95081100,34445720.64501364,0
2017-11-06 00:00:00,7345.10000000,7770.02000000,5325.01000000,5811.03000000,18916.31990000,2017-11-12 23:59:59,126612916.75463176,132654,8296.83946000,55517892.65634026,0
2017-11-13 00:00:00,5839.94000000,8123.15000000,5699.99000000,8038.00000000,19791.10101100,2017-11-19 23:59:59,146293856.48316984,107207,9966.29773500,73714925.58366316,0
2017-11-20 00:00:00,8057.11000000,9350.00000000,7801.00000000,9128.02000000,28921.85979200,2017-11-26 23:59:59,240238717.93883664,129930,14522.91338900,120677884.10182005,0
2017-11-27 00:00:00,9128.00000000,11825.00000000,8520.00000000,11165.41000000,48427.94965000,2017-12-03 23:59:59,493261876.52474081,232180,27122.18773100,276199673.05560422,0
2017-12-04 00:00:00,11165.41000000,17204.99000000,10802.00000000,14899.98000000,72469.97762700,2017-12-10 23:59:59,1022228203.79649083,393420,42089.10953200,596373967.67022420,0
2017-12-11 00:00:00,14946.26000000,19798.68000000,14666.56000000,18860.02000000,67851.48621500,2017-12-17 23:59:59,1143594375.37658067,539238,33646.70546800,566603311.05147657,0
2017-12-18 00:00:00,18860.04000000,19300.00000000,10961.00000000,13500.00000000,135385.44032200,2017-12-24 23:59:59,1998479799.11456170,1007841,67305.69647400,989270027.78444365,0
2017-12-25 00:00:00,13500.00000000,16498.05000000,11750.00000000,13716.36000000,116522.75432100,2017-12-31 23:59:59,1636613418.33164790,1040980,62664.76657500,882011540.53478545,0
2018-01-01 00:00:00,13715.65000000,17176.24000000,12750.00000000,16150.03000000,120239.39935900,2018-01-07 23:59:59,1828148890.85411918,1087900,68117.13905900,1037992795.24942929,0
2018-01-08 00:00:00,16218.85000000,16322.30000000,11400.00000000,13474.99000000,137537.90456500,2018-01-14 23:59:59,1919927016.02062138,1176645,67529.52572500,944460208.02273536,0
2018-01-15 00:00:00,13477.98000000,14249.99000000,9035.00000000,11530.00000000,303127.50213700,2018-01-21 23:59:59,3434833014.70379800,2359135,148847.01839200,1689262267.44518783,0
2018-01-22 00:00:00,11530.00000000,12244.00000000,9900.24000000,11879.95000000,198030.05111700,2018-01-28 23:59:59,2184045152.49622084,1961464,95219.66417600,1049772766.29317178,0
2018-01-29 00:00:00,11879.95000000,11975.02000000,7930.00000000,8184.81000000,202016.40775900,2018-02-04 23:59:59,1896352538.67067303,2082917,92718.81910100,870670207.32739153,0
2018-02-05 00:00:00,8179.99000000,9065.78000000,6000.01000000,8063.88000000,340794.29213100,2018-02-11 23:59:59,2608962030.92850646,3182111,168442.58026900,1292031857.36801427,0
2018-02-12 00:00:00,8063.82000000,11274.00000000,8053.00000000,10383.43000000,311863.06813700,2018-02-18 23:59:59,3026660454.85449099,3359228,152843.46078700,1483899407.00701508,0
2018-02-19 00:00:00,10375.01000000,11786.01000000,9274.80000000,9590.00000000,350623.13291100,2018-02-25 23:59:59,3657589238.53289945,2886657,170833.28442700,1784040709.72463260,0
2018-02-26 00:00:00,9590.00000000,11565.00000000,9350.00000000,11515.00000000,183970.99761400,2018-03-04 23:59:59,1967477246.42707215,1604626,90364.52128500,967157347.68709032,0
2018-03-05 00:00:00,11515.00000000,11710.00000000,8329.00000000,9533.57000000,282035.22538200,2018-03-11 23:59:59,2719942892.64730906,2232004,135387.47704700,1305861453.01058947,0
2018-03-12 00:00:00,9533.57000000,9888.88000000,7322.00000000,8189.99000000,315835.15160600,2018-03-18 23:59:59,2657745291.10901253,2450216,152466.84692700,1282773546.00909870,0
2018-03-19 00:00:00,8189.00000000,9177.01000000,8088.40000000,8470.15000000,285211.53951100,2018-03-25 23:59:59,2464528929.91490584,1993351,140515.57225800,1214424116.23422213,0
2018-03-26 00:00:00,8470.14000000,8514.89000000,6430.00000000,6813.01000000,308729.49203100,2018-04-01 23:59:59,2276980709.59205236,2021451,150619.59256200,1110640017.95736709,0
2018-04-02 00:00:00,6813.01000000,7520.00000000,6500.00000000,7018.00000000,232320.07049900,2018-04-08 23:59:59,1616723766.06607239,1464142,116325.45462500,809573460.57236987,0
2018-04-09 00:00:00,7011.04000000,8429.54000000,6611.00000000,8355.00000000,259877.02241400,2018-04-15 23:59:59,1959208437.53564023,1648802,132620.41641700,999880218.14011922,0
2018-04-16 00:00:00,8355.07000000,9035.00000000,7825.40000000,8787.02000000,233025.38619000,2018-04-22 23:59:59,1952372499.38639334,1643201,119054.12687200,998226476.19908668,0
2018-04-23 00:00:00,8785.70000000,9759.82000000,8651.62000000,9419.00000000,306668.07214000,2018-04-29 23:59:59,2812613536.48155942,2118018,155630.17935000,1428135299.50438760,0
2018-04-30 00:00:00,9417.04000000,10020.00000000,8800.49000000,9659.01000000,222274.38854000,2018-05-06 23:59:59,2089890919.30010291,1677081,113653.80355000,1069078899.18062851,0
2018-05-07 00:00:00,9661.02000000,9689.67000000,8153.00000000,8679.71000000,224151.29875100,2018-05-13 23:59:59,1995981257.43474280,1724758,110160.48336000,981712737.91520858,0
2018-05-14 00:00:00,8679.71000000,8879.99000000,7911.90000000,8526.98000000,182713.82601200,2018-05-20 23:59:59,1528659945.07915334,1744095,92219.28136100,771701096.80685908,0
2018-05-21 00:00:00,8526.97000000,8595.31000000,7231.11000000,7338.99000000,190894.60093900,2018-05-27 23:59:59,1473706966.33428654,1586528,96911.18683200,747911310.86122199,0
2018-05-28 00:00:00,7338.99000000,7786.69000000,7032.95000000,7714.26000000,211929.27076600,2018-06-03 23:59:59,1580400448.72951901,1930065,117482.54749000,876505422.23824593,0
2018-06-04 00:00:00,7714.26000000,7765.00000000,6622.81000000,6764.99000000,211352.73747800,2018-06-10 23:59:59,1574558979.83733276,2117420,114201.83441300,852642290.78887995,0
2018-06-11 00:00:00,6765.00000000,6922.00000000,6118.68000000,6449.61000000,234080.84117100,2018-06-17 23:59:59,1532387822.70808579,1406168,127373.60965300,833996575.31971409,0
2018-06-18 00:00:00,6444.06000000,6841.74000000,5750.00000000,6136.97000000,234147.62101500,2018-06-24 23:59:59,1493387501.45827074,1413795,125738.64224100,802333822.68102873,0
2018-06-25 00:00:00,6137.95000000,6528.99000000,5780.00000000,6356.81000000,207746.55900600,2018-07-01 23:59:59,1282960927.49240566,1214054,112957.36097300,697781325.59832176,0
2018-07-02 00:00:00,6360.82000000,6818.16000000,6271.62000000,6712.10000000,211526.01905800,2018-07-08 23:59:59,1393368254.07600692,1322891,113263.78929400,746176284.21750867,0
2018-07-09 00:00:00,6712.10000000,6802.06000000,6070.00000000,6353.01000000,192452.84988000,2018-07-15 23:59:59,1225870847.47314433,1007888,101995.65757900,649868285.83531907,0
2018-07-16 00:00:00,6354.15000000,7700.00000000,6330.40000000,7394.79000000,294313.22260400,2018-07-22 23:59:59,2128249956.99732357,1602460,159598.81559100,1153467423.23265938,0
2018-07-23 00:00:00,7394.78000000,8491.77000000,7375.00000000,8211.00000000,288666.04714100,2018-07-29 23:59:59,2332298260.58447165,1575619,154924.10088900,1251512994.19756684,0
2018-07-30 00:00:00,8210.99000000,8273.00000000,6882.29000000,7024.19000000,282090.10358400,2018-08-05 23:59:59,2132225331.26565758,1404398,147829.46203600,1117308216.03661430,0
2018-08-06 00:00:00,7024.19000000,7160.00000000,5971.00000000,6308.33000000,334426.55074300,2018-08-12 23:59:59,2169762287.52026111,1694989,178067.43349700,1155504235.78979734,0
2018-08-13 00:00:00,6308.56000000,6620.00000000,5880.00000000,6477.53000000,378189.29648700,2018-08-19 23:59:59,2401304850.57815240,1813570,205461.82925100,1305711344.95193685,0
2018-08-20 00:00:00,6477.53000000,6882.54000000,6220.00000000,6700.00000000,286906.53931100,2018-08-26 23:59:59,1870078552.63444254,1365251,153261.48198700,999056900.50774675,0
2018-08-27 00:00:00,6700.00000000,7345.45000000,6646.50000000,7302.01000000,294674.91300500,2018-09-02 23:59:59,2064905776.21966505,1542804,162766.58532300,1140746641.75371279,0
2018-09-03 00:00:00,7302.00000000,7410.00000000,6111.00000000,6250.81000000,306231.62342400,2018-09-09 23:59:59,2060238359.34515521,1498673,162645.08716700,1094083907.53466874,0
2018-09-10 00:00:00,6252.26000000,6584.99000000,6169.68000000,6505.00000000,227428.18285400,2018-09-16 23:59:59,1455546755.85411984,1205506,124604.74974900,797441407.47960120,0
2018-09-17 00:00:00,6500.08000000,6839.03000000,6123.00000000,6708.00000000,244256.49012100,2018-09-23 23:59:59,1590443498.59327462,1324448,133037.20102500,867030374.85256633,0
2018-09-24 00:00:00,6706.81000000,6814.80000000,6325.02000000,6626.57000000,242598.87247100,2018-09-30 23:59:59,1592066012.40530938,1308413,132133.99444900,867418937.71812110,0
2018-10-01 00:00:00,6626.57000000,6697.00000000,6430.00000000,6615.26000000,141836.47648300,2018-10-07 23:59:59,931813926.77497266,756048,75129.02122900,493650263.56068926,0
2018-10-08 00:00:00,6615.26000000,6715.60000000,6205.00000000,6339.34000000,166310.81354400,2018-10-14 23:59:59,1068868812.27913379,943296,83637.70495700,537339332.30623559,0
2018-10-15 00:00:00,6339.34000000,7680.00000000,6300.00000000,6590.11000000,211592.62313900,2018-10-21 23:59:59,1434684785.85105283,1219900,110449.44593800,748403217.79475398,0
2018-10-22 00:00:00,6590.12000000,6639.00000000,6453.00000000,6489.93000000,75328.88538500,2018-10-28 23:59:59,494030438.14773757,591416,37842.15417300,248174269.69772996,0
2018-10-29 00:00:00,6489.93000000,6525.00000000,6245.02000000,6485.85000000,71945.40060700,2018-11-04 23:59:59,459573574.67943707,751373,35995.80909900,229999405.96208155,0
2018-11-05 00:00:00,6485.85000000,6615.15000000,6355.00000000,6449.81000000,76161.78188000,2018-11-11 23:59:59,494186439.10114736,874399,37227.07098800,241607389.17125802,0
2018-11-12 00:00:00,6450.71000000,6498.00000000,5403.42000000,5662.00000000,205081.18393800,2018-11-18 23:59:59,1193362837.90360881,1444633,104591.34742800,607459146.82318838,0
2018-11-19 00:00:00,5661.94000000,5664.00000000,3652.66000000,4085.78000000,496323.79998000,2018-11-25 23:59:59,2227689691.73637045,2388695,252770.91949700,1133924485.17572715,0
2018-11-26 00:00:00,4088.69000000,4450.38000000,3689.12000000,4161.01000000,479459.91410100,2018-12-02 23:59:59,1958215351.37196717,2077042,244698.73129000,999025189.38484522,0
2018-12-03 00:00:00,4160.55000000,4179.00000000,3222.00000000,3545.37000000,406435.81785400,2018-12-09 23:59:59,1482749121.29389788,1782210,200855.63772000,731690242.31463073,0
2018-12-10 00:00:00,3548.49000000,3610.00000000,3156.26000000,3228.67000000,249791.79078700,2018-12-16 23:59:59,836152010.42528735,1117299,128558.20082500,430325194.84914051,0
2018-12-17 00:00:00,3229.22000000,4139.99000000,3216.00000000,3929.71000000,489096.74115800,2018-12-23 23:59:59,1847572336.33090055,2458532,251707.60083000,950479898.41006177,0
2018-12-24 00:00:00,3929.71000000,4198.00000000,3535.00000000,3801.91000000,332161.25544200,2018-12-30 23:59:59,1265644273.27097719,2002072,170607.63862300,650229120.26977389,0
2018-12-31 00:00:00,3803.12000000,4027.71000000,3630.33000000,3987.60000000,214860.90624200,2019-01-06 23:59:59,814657329.25612980,1399286,111418.73985500,422523453.01183789,0
2019-01-07 00:00:00,3987.62000000,4069.80000000,3441.30000000,3476.81000000,245887.27794800,2019-01-13 23:59:59,927969289.15430455,1671905,124970.35950800,471682333.52194890,0
2019-01-14 00:00:00,3477.56000000,3720.00000000,3467.02000000,3539.28000000,199395.79296500,2019-01-20 23:59:59,716452001.87770063,1441654,103959.69592000,373598006.95210055,0
2019-01-21 00:00:00,3539.26000000,3662.94000000,3434.85000000,3550.84000000,154566.45086100,2019-01-27 23:59:59,549194588.04379181,1163997,81698.38696800,290345796.57221316,0
2019-01-28 00:00:00,3550.05000000,3557.75000000,3349.92000000,3458.11000000,186574.10542300,2019-02-03 23:59:59,642262558.33850544,1288715,97908.23138200,337075608.11357584,0
2019-02-04 00:00:00,3458.11000000,3733.58000000,3373.10000000,3680.06000000,198350.67398800,2019-02-10 23:59:59,696930950.57518930,1313535,105210.16581300,369766481.67223400,0
2019-02-11 00:00:00,3679.75000000,3700.11000000,3568.11000000,3667.58000000,167995.80513900,2019-02-17 23:59:59,608476271.54980941,1174687,86820.01403600,314505971.76257565,0
2019-02-18 00:00:00,3667.62000000,4198.00000000,3655.00000000,3743.56000000,301384.22226000,2019-02-24 23:59:59,1179944577.93464593,2007272,158582.45893800,621066468.49693409,0
2019-02-25 00:00:00,3743.56000000,3888.00000000,3677.17000000,3807.75000000,190343.24672600,2019-03-03 23:59:59,726304516.11421283,1369483,100202.78390200,382423582.15041919,0
2019-03-04 00:00:00,3807.32000000,3971.75000000,3670.69000000,3916.82000000,207833.42997000,2019-03-10 23:59:59,799736773.67252840,1353003,109422.64807700,421085582.83566612,0
2019-03-11 00:00:00,3915.99000000,4056.98000000,3810.43000000,3981.14000000,185620.34481300,2019-03-17 23:59:59,725510328.96129966,1303041,97860.69707600,382600175.72534757,0
2019-03-18 00:00:00,3981.85000000,4069.32000000,3880.01000000,3992.18000000,156283.26348300,2019-03-24 23:59:59,624615988.91417612,1144351,82285.46168000,328906486.03261287,0
2019-03-25 00:00:00,3991.35000000,4140.00000000,3888.71000000,4103.95000000,178114.87504900,2019-03-31 23:59:59,715252731.25724998,1291861,95038.23263400,381686902.03996087,0
2019-04-01 00:00:00,4102.44000000,5275.01000000,4067.00000000,5170.27000000,420989.96873800,2019-04-07 23:59:59,2046260260.72830678,2752257,218356.59505700,1061192535.29097398,0
2019-04-08 00:00:00,5170.27000000,5422.00000000,4861.22000000,5131.30000000,247866.40740500,2019-04-14 23:59:59,1271184321.40452200,1730890,125805.46033400,645400980.73434666,0
2019-04-15 00:00:00,5131.28000000,5333.42000000,4950.00000000,5256.14000000,168555.91174500,2019-04-21 23:59:59,875025579.97905363,1265816,87318.99744800,453504194.80540038,0
2019-04-22 00:00:00,5257.41000000,5600.00000000,5102.00000000,5307.52000000,247392.82390400,2019-04-28 23:59:59,1329057592.82658380,1770258,122046.09888300,655730729.85086243,0
2019-04-29 00:00:00,5309.81000000,5900.00000000,5178.80000000,5775.62000000,191971.58997500,2019-05-05 23:59:59,1069857115.70259369,1509653,101647.46745400,566499085.99917452,0
2019-05-06 00:00:00,5773.18000000,7521.78000000,5619.14000000,6967.31000000,313283.86961200,2019-05-12 23:59:59,2043228005.87687719,2443588,161392.34030800,1052057366.97453659,0
2019-05-13 00:00:00,6968.24000000,8366.00000000,6870.00000000,8148.48000000,461287.69413900,2019-05-19 23:59:59,3556014747.63429744,4024823,239183.08829800,1843817300.27395488,0
2019-05-20 00:00:00,8147.94000000,8740.00000000,7461.00000000,8614.43000000,341677.39881000,2019-05-26 23:59:59,2706217167.17889253,3145385,178794.67382000,1416599106.08409965,0
2019-05-27 00:00:00,8612.54000000,9074.26000000,8005.00000000,8725.98000000,292049.04381200,2019-06-02 23:59:59,2508992950.94447563,2861807,151337.37524700,1300617022.72302598,0
2019-06-03 00:00:00,8726.00000000,8800.95000000,7444.58000000,7628.13000000,293308.70969600,2019-06-09 23:59:59,2321265141.03700873,2770905,149688.73849600,1184496681.30578112,0
2019-06-10 00:00:00,7627.57000000,9333.00000000,7511.00000000,8953.33000000,274072.05837100,2019-06-16 23:59:59,2290974623.73243976,2697695,146184.88855300,1222114795.74799599,0
2019-06-17 00:00:00,8953.00000000,11392.64000000,8950.00000000,10906.07000000,378253.00306500,2019-06-23 23:59:59,3761392791.59373696,3524367,202221.60528400,2010341662.02747854,0
2019-06-24 00:00:00,10905.95000000,13970.00000000,10525.10000000,10854.10000000,684152.50877200,2019-06-30 23:59:59,8152194088.57419306,6076896,339606.94079100,4044614402.44590976,0
2019-07-01 00:00:00,10854.10000000,12000.00000000,9727.00000000,11406.24000000,517740.07169300,2019-07-07 23:59:59,5704614704.93586627,4488545,262808.16543800,2897941314.53469333,0
2019-07-08 00:00:00,11410.00000000,13147.08000000,10103.00000000,10174.18000000,510462.03567800,2019-07-14 23:59:59,6013145209.00872031,4524490,252017.79629300,2963114441.65087149,0
2019-07-15 00:00:00,10174.18000000,11100.00000000,9060.00000000,10589.45000000,487080.97263000,2019-07-21 23:59:59,4956031258.62016089,4446262,248606.10000200,2532426320.74920947,0
2019-07-22 00:00:00,10590.15000000,10683.16000000,9165.00000000,9541.54000000,269819.32510900,2019-07-28 23:59:59,2669509015.23209095,2603330,137240.62087600,1357104450.05442148,0
2019-07-29 00:00:00,9541.54000000,11040.00000000,9395.00000000,10929.23000000,259518.80601900,2019-08-04 23:59:59,2646182927.61586226,2454639,139171.73875200,1419850922.37255661,0
2019-08-05 00:00:00,10929.99000000,12330.70000000,10927.80000000,11549.97000000,371072.85766100,2019-08-11 23:59:59,4345174154.72953212,3431310,187065.59950000,2193229174.81683096,0
2019-08-12 00:00:00,11539.08000000,11577.89000000,9750.00000000,10306.78000000,248273.37466500,2019-08-18 23:59:59,2598294179.23241588,2604915,121805.16371200,1273541825.39553960,0
2019-08-19 00:00:00,10306.17000000,10949.96000000,9762.00000000,10142.69000000,232472.05333100,2019-08-25 23:59:59,2394985938.28376699,2432098,117404.86507600,1210303802.15819570,0
2019-08-26 00:00:00,10142.69000000,10604.00000000,9320.00000000,9724.98000000,211243.55028800,2019-09-01 23:59:59,2087949081.16621686,2073166,107817.76027400,1066448383.86749987,0
2019-09-02 00:00:00,9723.59000000,10905.87000000,9712.50000000,10381.18000000,281075.66490800,2019-09-08 23:59:59,2937882776.08149445,2428631,143868.84095300,1503526294.02055801,0
2019-09-09 00:00:00,10381.24000000,10480.00000000,9880.00000000,10302.01000000,207165.65445800,2019-09-15 23:59:59,2120624279.68187212,1997832,105778.04021400,1083587407.12586727,0
2019-09-16 00:00:00,10303.34000000,10355.00000000,9653.00000000,10028.87000000,188644.19962300,2019-09-22 23:59:59,1906343743.64614148,2057228,91497.97808800,925209651.66391604,0
2019-09-23 00:00:00,10028.05000000,10049.99000000,7750.00000000,8043.82000000,364560.06474400,2019-09-29 23:59:59,3105752375.22909284,3159529,178726.65304600,1519444753.89401183,0
2019-09-30 00:00:00,8043.04000000,8500.00000000,7710.00000000,7854.25000000,239136.79539900,2019-10-06 23:59:59,1946805026.69096559,2208581,120840.12535800,984524929.65675030,0
2019-10-07 00:00:00,7855.30000000,8779.51000000,7762.00000000,8275.01000000,281416.73873400,2019-10-13 23:59:59,2342638084.59517027,2895529,145080.33383800,1207934231.74009789,0
2019-10-14 00:00:00,8275.24000000,8403.00000000,7816.01000000,8223.35000000,219241.79231100,2019-10-20 23:59:59,1772929260.86621671,2668262,112838.71417500,912749801.85002257,0
2019-10-21 00:00:00,8223.35000000,10370.00000000,7300.00000000,9529.93000000,508882.69375600,2019-10-27 23:59:59,4412131949.68310137,4526652,257030.01167800,2229638017.11471672,0
2019-10-28 00:00:00,9528.23000000,9902.10000000,8913.00000000,9194.71000000,354362.74432700,2019-11-03 23:59:59,3288114749.75204981,3384382,178982.09542200,1661266556.54616830,0
2019-11-04 00:00:00,9196.46000000,9513.68000000,8696.00000000,9039.47000000,294282.77161200,2019-11-10 23:59:59,2687414282.87026593,3021622,148860.35180900,1360089028.67811394,0
2019-11-11 00:00:00,9040.16000000,9072.32000000,8350.68000000,8502.40000000,239532.02348000,2019-11-17 23:59:59,2074354316.34981959,2356345,119014.22351700,1030757407.57488118,0
2019-11-18 00:00:00,8502.87000000,8503.52000000,6790.00000000,6903.28000000,422402.00470300,2019-11-24 23:59:59,3194974913.59657473,3120213,206133.47066100,1559362692.16785188,0
2019-11-25 00:00:00,6900.23000000,7850.00000000,6515.00000000,7390.89000000,503259.06429100,2019-12-01 23:59:59,3668731159.58461657,3264670,256209.98070900,1869473766.47215282,0
2019-12-02 00:00:00,7391.50000000,7750.00000000,7067.00000000,7510.11000000,331484.78371600,2019-12-08 23:59:59,2440899200.86257705,2427841,170724.27121400,1257580371.06979497,0
2019-12-09 00:00:00,7510.11000000,7650.00000000,7008.35000000,7118.59000000,252294.98040800,2019-12-15 23:59:59,1829594877.05051751,2190573,127270.30081300,923173806.17681693,0
2019-12-16 00:00:00,7119.60000000,7518.54000000,6435.00000000,7501.44000000,339611.46169700,2019-12-22 23:59:59,2377549933.38077343,2860673,172709.57184400,1210313054.06804353,0
2019-12-23 00:00:00,7500.71000000,7695.38000000,7076.42000000,7388.24000000,267312.08693500,2019-12-29 23:59:59,1960970043.82261289,2396048,135094.55047200,991069301.25725111,0
2019-12-30 00:00:00,7388.43000000,7495.00000000,6871.04000000,7358.75000000,241051.79844400,2020-01-05 23:59:59,1751045575.97107759,2156119,121873.00197100,885720015.29663445,0
2020-01-06 00:00:00,7357.64000000,8455.00000000,7346.76000000,8184.98000000,498017.84689800,2020-01-12 23:59:59,3978362245.86038637,3870321,251759.16943100,2010996559.17293481,0
2020-01-13 00:00:00,8184.97000000,9198.98000000,8055.89000000,8701.70000000,468235.62749600,2020-01-19 23:59:59,4075229206.68356880,4261834,235414.22295200,2049350005.82115547,0
2020-01-20 00:00:00,8701.72000000,8818.00000000,8238.00000000,8615.00000000,250977.00176500,2020-01-26 23:59:59,2139257584.57574260,2555857,126118.75901400,1075142271.94890989,0
2020-01-27 00:00:00,8614.39000000,9578.00000000,8535.00000000,9331.51000000,362870.20838800,2020-02-02 23:59:59,3344610390.03319243,3363066,184662.89981000,1701807651.78058120,0
2020-02-03 00:00:00,9331.59000000,10166.00000000,9093.01000000,10151.75000000,364995.86483400,2020-02-09 23:59:59,3508270140.59509893,3998661,186210.53720200,1790763589.10790786,0
2020-02-10 00:00:00,10151.72000000,10500.00000000,9638.12000000,9917.27000000,427067.58518900,2020-02-16 23:59:59,4316211115.18231746,5261096,210003.00256800,2123331362.94995099,0
2020-02-17 00:00:00,9910.70000000,10250.00000000,9350.00000000,9936.40000000,360700.46771900,2020-02-23 23:59:59,3518226163.31666353,3990113,180774.72559600,1764164267.18887031,0
2020-02-24 00:00:00,9936.40000000,9990.00000000,8411.00000000,8531.88000000,426585.45870700,2020-03-01 23:59:59,3834682199.60150333,4278048,206135.58366300,1852185664.72767256,0
2020-03-02 00:00:00,8530.30000000,9188.00000000,8000.00000000,8033.31000000,379197.13168000,2020-03-08 23:59:59,3340552932.03535460,3871023,187350.60791800,1652268013.47239491,0
2020-03-09 00:00:00,8034.76000000,8179.31000000,3782.13000000,5361.30000000,1224228.28324000,2020-03-15 23:59:59,7415770282.10866018,8590644,595647.06583800,3616852099.18780469,0
2020-03-16 00:00:00,5360.33000000,6900.00000000,4442.12000000,5816.19000000,1180843.34581500,2020-03-22 23:59:59,6710917850.66102064,8567146,572953.99079000,3258534733.89986174,0
2020-03-23 00:00:00,5816.05000000,6957.96000000,5688.00000000,5881.42000000,770380.80536000,2020-03-29 23:59:59,4963224056.18681841,5558649,374037.17148800,2410430651.15339243,0
2020-03-30 00:00:00,5880.50000000,7198.00000000,5857.76000000,6772.78000000,664784.29958300,2020-04-05 23:59:59,4388764837.97591744,5187309,328850.32292700,2171911522.54323749,0
2020-04-06 00:00:00,6772.78000000,7459.69000000,6739.98000000,6903.79000000,582804.77108700,2020-04-12 23:59:59,4149639337.00349419,5399736,280689.96995100,1999584846.28216863,0
2020-04-13 00:00:00,6903.79000000,7293.08000000,6468.27000000,7120.74000000,501345.25890300,2020-04-19 23:59:59,3470075398.32840905,4481179,241259.55748900,1670997362.62018018,0
2020-04-20 00:00:00,7121.40000000,7738.00000000,6751.00000000,7693.10000000,469098.31294700,2020-04-26 23:59:59,3396617806.43142183,4408245,224125.28310800,1625169356.89183539,0
2020-04-27 00:00:00,7693.10000000,9460.00000000,7606.00000000,8894.16000000,742165.16210400,2020-05-03 23:59:59,6374997759.19676330,6613200,363331.16828000,3122774832.28899526,0
2020-05-04 00:00:00,8894.15000000,10067.00000000,8117.00000000,8722.77000000,780478.84946600,2020-05-10 23:59:59,7191007480.43899635,7296812,369687.78021800,3408051320.64436195,0
2020-05-11 00:00:00,8722.77000000,9939.00000000,8200.00000000,9680.04000000,721487.83708700,2020-05-17 23:59:59,6639127977.31872860,6691363,348124.30474300,3206329814.30966878,0
2020-05-18 00:00:00,9681.11000000,9950.00000000,8700.00000000,8720.34000000,517248.17753600,2020-05-24 23:59:59,4856615582.53833233,5231275,243871.78378200,2291792677.44717872,0
2020-05-25 00:00:00,8718.14000000,9740.00000000,8642.72000000,9448.27000000,425528.24616700,2020-05-31 23:59:59,3923220452.29656258,4709904,209371.47266800,1931386248.84549843,0
2020-06-01 00:00:00,9448.27000000,10380.00000000,9266.00000000,9746.99000000,427822.49534700,2020-06-07 23:59:59,4156656856.71064880,4699565,208908.26182000,2031849904.28877416,0
2020-06-08 00:00:00,9746.99000000,9992.72000000,9113.00000000,9342.10000000,336172.77151700,2020-06-14 23:59:59,3222940574.57083382,3925947,158086.69559000,1516390238.25312586,0
2020-06-15 00:00:00,9342.10000000,9589.00000000,8910.45000000,9294.69000000,323565.71184200,2020-06-21 23:59:59,3025511745.34879693,3601511,157067.67168000,1469318218.59400742,0
2020-06-22 00:00:00,9294.69000000,9780.00000000,8833.00000000,9116.35000000,343601.08315400,2020-06-28 23:59:59,3199982407.72062904,3556356,162648.33107800,1515724945.39640569,0
2020-06-29 00:00:00,9116.16000000,9292.00000000,8893.03000000,9069.41000000,247256.19512500,2020-07-05 23:59:59,2255910006.08682482,2670420,120007.88584400,1095085364.72193474,0
2020-07-06 00:00:00,9069.41000000,9470.00000000,9055.92000000,9302.75000000,284964.99967300,2020-07-12 23:59:59,2642350802.57967435,3618928,139286.66153200,1291693618.97022570,0
2020-07-13 00:00:00,9303.31000000,9343.82000000,9047.25000000,9208.99000000,247602.69209500,2020-07-19 23:59:59,2275998962.74170516,3834095,117517.40617100,1080194174.82190316,0
2020-07-20 00:00:00,9208.99000000,10111.00000000,9131.00000000,9931.54000000,346433.53511500,2020-07-26 23:59:59,3295996462.14176744,5037013,167612.90486800,1596041010.69975706,0
2020-07-27 00:00:00,9931.54000000,12123.46000000,9917.21000000,11071.35000000,637793.81172400,2020-08-02 23:59:59,7048671346.49350152,8989722,308283.87971900,3405894056.75495850,0
2020-08-03 00:00:00,11071.36000000,11909.94000000,10936.00000000,11681.68000000,403167.45146000,2020-08-09 23:59:59,4646926089.61999056,6240181,190641.83328700,2197221620.13373104,0
2020-08-10 00:00:00,11681.69000000,12067.35000000,11125.00000000,11911.00000000,468167.72232000,2020-08-16 23:59:59,5471151052.23187439,7853234,224176.82736600,2620954475.10440833,0
2020-08-17 00:00:00,11910.99000000,12468.00000000,11376.81000000,11648.13000000,426710.48350200,2020-08-23 23:59:59,5061638056.36649646,7082053,205750.91099700,2440973815.77369261,0
2020-08-24 00:00:00,11648.12000000,11824.90000000,11117.64000000,11711.16000000,355153.16937200,2020-08-30 23:59:59,4078471242.67494041,5563536,172004.21762200,1975725317.16950649,0
2020-08-31 00:00:00,11711.17000000,12050.85000000,9825.00000000,10256.20000000,581777.75652500,2020-09-06 23:59:59,6357675711.97273107,9093522,272514.50822900,2978112998.75709762,0
2020-09-07 00:00:00,10255.89000000,10580.11000000,9850.00000000,10332.83000000,366759.99404800,2020-09-13 23:59:59,3756191422.92663254,5490957,176070.93700800,1803672847.98523824,0
2020-09-14 00:00:00,10332.84000000,11179.79000000,10212.34000000,10920.28000000,374339.55881400,2020-09-20 23:59:59,4052903078.38121605,5419926,182800.56267600,1979747774.69511477,0
2020-09-21 00:00:00,10920.28000000,10988.86000000,10136.82000000,10774.25000000,331299.29108100,2020-09-27 23:59:59,3499594157.46256281,5082884,161067.80477400,1701606859.47039845,0
2020-09-28 00:00:00,10774.26000000,10950.00000000,10374.00000000,10666.63000000,288073.12698900,2020-10-04 23:59:59,3079535042.62974857,4200553,139276.82541500,1488932592.73802450,0
2020-10-05 00:00:00,10666.62000000,11491.00000000,10525.00000000,11369.02000000,288404.14549400,2020-10-11 23:59:59,3147355378.40371594,4224553,143943.50981600,1572213941.22610087,0
2020-10-12 00:00:00,11369.02000000,11720.01000000,11172.00000000,11503.14000000,279657.09704700,2020-10-18 23:59:59,3188831299.71762594,4017625,134837.12809900,1537962674.72742435,0
2020-10-19 00:00:00,11503.14000000,13350.00000000,11407.96000000,13028.83000000,418993.35468100,2020-10-25 23:59:59,5252707161.49440108,5893134,209978.70794200,2630019669.92543403,0
2020-10-26 00:00:00,13029.64000000,14100.00000000,12765.00000000,13761.50000000,485358.52171600,2020-11-01 23:59:59,6514147172.61064051,6753540,238136.18247200,3197570003.56900994,0
2020-11-02 00:00:00,13761.49000000,15960.00000000,13195.05000000,15475.10000000,665037.14645200,2020-11-08 23:59:59,9752972636.00488172,9082195,321015.02775400,4706961988.14200704,0
2020-11-09 00:00:00,15475.10000000,16480.00000000,14805.54000000,15957.00000000,529729.42649600,2020-11-15 23:59:59,8341020276.11894477,8312761,254650.96384200,4010574090.19838513,0
2020-11-16 00:00:00,15957.00000000,18965.90000000,15864.00000000,18414.43000000,684197.64282900,2020-11-22 23:59:59,12173051529.63961983,10878742,337923.62352800,6009987170.94849109,0
2020-11-23 00:00:00,18413.88000000,19484.21000000,16188.00000000,18184.99000000,676351.57997400,2020-11-29 23:59:59,12148026464.92742721,12288105,329021.49801500,5912525631.94669100,0
2020-11-30 00:00:00,18185.00000000,19888.00000000,18001.12000000,19359.40000000,537012.14293100,2020-12-06 23:59:59,10256527452.72600820,9615978,267861.96155600,5119962447.31970600,0
2020-12-07 00:00:00,19358.67000000,19420.91000000,17572.33000000,19174.99000000,414166.99723700,2020-12-13 23:59:59,7670610991.46273377,7125404,198951.58809900,3686743363.86111799,0
2020-12-14 00:00:00,19174.99000000,24295.00000000,19000.00000000,23455.52000000,650661.72430000,2020-12-20 23:59:59,14274952056.64488863,11378635,325698.82071800,7137840985.51961478,0
2020-12-21 00:00:00,23455.54000000,28422.00000000,21815.00000000,26281.66000000,688906.56055700,2020-12-27 23:59:59,16891515231.04649072,12384587,340821.14881100,8361819640.03746395,0
2020-12-28 00:00:00,26281.54000000,34778.11000000,25880.00000000,33000.05000000,625132.26320300,2021-01-03 23:59:59,18574944969.54836231,12512788,311314.23651000,9257292755.77212639,0
2021-01-04 00:00:00,33000.05000000,41950.00000000,28130.00000000,38150.02000000,850700.26615200,2021-01-10 23:59:59,30894408653.64545837,18127566,416647.06757100,15120789261.09521495,0
2021-01-11 00:00:00,38150.02000000,40100.00000000,30420.00000000,35828.61000000,897339.67445000,2021-01-17 23:59:59,31840267961.01892181,18446663,443257.50089300,15735471852.93117042,0
2021-01-18 00:00:00,35824.99000000,37850.00000000,28850.00000000,32259.90000000,640226.93578500,2021-01-24 23:59:59,21440700273.04002577,14699334,310786.11597300,10418110249.14201343,0
2021-01-25 00:00:00,32259.45000000,38531.90000000,29241.72000000,33092.98000000,747463.50850900,2021-01-31 23:59:59,24948673733.69000799,16555006,371060.16331700,12396571060.77586003,0
2021-02-01 00:00:00,33092.97000000,40955.51000000,32296.16000000,38795.69000000,583442.33154400,2021-02-07 23:59:59,21599895189.58115991,13815026,291987.98069400,10814285526.14571773,0
2021-02-08 00:00:00,38795.69000000,49707.43000000,37988.89000000,48577.79000000,664186.27090900,2021-02-14 23:59:59,30558163844.53544086,18380270,335475.28406100,15434310277.42710641,0
2021-02-15 00:00:00,48580.47000000,58352.80000000,45570.79000000,57408.57000000,533487.79969900,2021-02-21 23:59:59,27769064381.54326372,15851564,266431.94896800,13868919408.71599032,0
2021-02-22 00:00:00,57412.35000000,57508.47000000,43000.00000000,45135.66000000,737125.74636500,2021-02-28 23:59:59,36056079517.94150238,17606321,358805.28068000,17551047321.20729957,0
2021-03-01 00:00:00,45134.11000000,52640.00000000,44950.53000000,50971.75000000,490819.56296800,2021-03-07 23:59:59,24017266082.75058310,13825664,242923.90168300,11891428274.15951021,0
2021-03-08 00:00:00,50959.11000000,61844.00000000,49274.67000000,58968.31000000,514559.69868500,2021-03-14 23:59:59,28846698413.56186936,16229755,257377.74815900,14440581804.39627176,0
2021-03-15 00:00:00,58976.08000000,60633.43000000,53271.34000000,57351.56000000,463194.21418000,2021-03-21 23:59:59,26483848363.71589063,14553773,226130.96514800,12934458930.89725699,0
2021-03-22 00:00:00,57351.56000000,58430.73000000,50427.56000000,55777.63000000,446278.62841300,2021-03-28 23:59:59,24254500734.20622091,13022316,218408.21621200,11874290386.32875222,0
2021-03-29 00:00:00,55777.65000000,60200.00000000,54800.01000000,58202.01000000,367477.89327300,2021-04-04 23:59:59,21438740639.10086236,11891110,183319.19749100,10697064859.42124876,0
2021-04-05 00:00:00,58202.01000000,61500.00000000,55473.00000000,60002.43000000,375865.59361400,2021-04-11 23:59:59,21944712196.72618414,13696365,188038.89402800,10984335663.81170216,0
2021-04-12 00:00:00,59998.80000000,64854.00000000,50931.30000000,56150.01000000,549048.29803200,2021-04-18 23:59:59,33238307417.43093745,17446531,266367.19414900,16134213581.46211927,0
2021-04-19 00:00:00,56150.01000000,57526.81000000,46930.00000000,49066.77000000,568462.85096000,2021-04-25 23:59:59,29936891043.81596597,14947615,274940.86132300,14487266259.92435533,0
2021-04-26 00:00:00,49066.76000000,58458.07000000,48753.44000000,56578.21000000,395983.45601300,2021-05-02 23:59:59,21707164512.76862292,12719227,195298.61985100,10703998531.65657049,0
2021-05-03 00:00:00,56578.21000000,59500.00000000,52900.00000000,58240.84000000,504478.92630300,2021-05-09 23:59:59,28725771451.78632514,16275966,248052.47061700,14129842033.20115189,0
2021-05-10 00:00:00,58240.83000000,59500.00000000,43825.39000000,46431.50000000,684880.14819700,2021-05-16 23:59:59,35228801446.48219432,17778177,327220.27293100,16851047061.76013277,0
2021-05-17 00:00:00,46426.83000000,46686.00000000,30000.00000000,34655.25000000,1386781.05214400,2021-05-23 23:59:59,53866174537.68214886,27170977,666702.16354200,25919373172.35901179,0
2021-05-24 00:00:00,34681.44000000,40841.00000000,33379.00000000,35641.27000000,786531.16394100,2021-05-30 23:59:59,29203522868.25162264,16942102,384497.74733100,14283624883.96589298,0
2021-05-31 00:00:00,35641.26000000,39476.00000000,34153.84000000,35796.31000000,528299.50493700,2021-06-06 23:59:59,19486187883.41845834,11520844,260787.56821700,9623174732.81866739,0
2021-06-07 00:00:00,35796.31000000,39380.00000000,31000.00000000,39020.57000000,700065.60491500,2021-06-13 23:59:59,24888579254.61198672,13781452,346610.46222700,12336051739.56994406,0
2021-06-14 00:00:00,39020.56000000,41330.00000000,33336.00000000,35600.16000000,610333.96208900,2021-06-20 23:59:59,23170552929.95740146,12585488,295955.59069300,11238614009.01921167,0
2021-06-21 00:00:00,35600.17000000,35750.00000000,28805.00000000,34700.34000000,907073.70759800,2021-06-27 23:59:59,29582225083.09103260,15069286,445188.23814000,14532263176.09752217,0
2021-06-28 00:00:00,34702.49000000,36600.00000000,32699.00000000,35286.51000000,464791.76359300,2021-07-04 23:59:59,16063893736.16357360,9503851,227734.57261800,7871807130.85994522,0
2021-07-05 00:00:00,35288.13000000,35293.78000000,32077.00000000,34258.99000000,359766.23540400,2021-07-11 23:59:59,12142509770.88803056,7648112,178798.75432300,6033413173.63688576,0
2021-07-12 00:00:00,34259.00000000,34678.43000000,31020.00000000,31778.56000000,306160.98707900,2021-07-18 23:59:59,9889122842.33197944,7067408,147741.05584800,4771519260.89886658,0
2021-07-19 00:00:00,31778.57000000,35398.00000000,29278.00000000,35381.02000000,383262.21715400,2021-07-25 23:59:59,12281627047.30479809,8161443,190582.26431200,6114235359.36328810,0
2021-07-26 00:00:00,35381.02000000,42599.00000000,35205.78000000,39845.44000000,568598.50960600,2021-08-01 23:59:59,22398899801.82214972,14294722,284420.13774100,11205247089.66657187,0
2021-08-02 00:00:00,39850.27000000,45310.00000000,37332.70000000,43794.37000000,463107.67071100,2021-08-08 23:59:59,18969963699.51856751,12015266,230451.59145400,9445373822.53284967,0
2021-08-09 00:00:00,43794.36000000,48144.00000000,42779.00000000,46973.82000000,372867.97981100,2021-08-15 23:59:59,17083554277.88681005,12802573,188383.89315800,8634469008.93574936,0
2021-08-16 00:00:00,46973.82000000,49757.04000000,43927.70000000,49239.22000000,357634.46215500,2021-08-22 23:59:59,16753728276.42880147,12498107,180333.29957300,8448610167.56694816,0
2021-08-23 00:00:00,49239.22000000,50500.00000000,46250.00000000,48767.83000000,298905.69704200,2021-08-29 23:59:59,14485841663.35656822,10234705,148185.19729400,7184000949.90969492,0
2021-08-30 00:00:00,48767.84000000,51900.00000000,46512.00000000,51756.88000000,327484.44363800,2021-09-05 23:59:59,16058724402.75739571,9623298,165440.61187200,8117693526.79703886,0
2021-09-06 00:00:00,51756.88000000,52920.00000000,42843.05000000,46025.24000000,399602.39982000,2021-09-12 23:59:59,18994715843.65673673,12174052,193434.48176100,9200501092.96435518,0
2021-09-13 00:00:00,46025.23000000,48843.20000000,43370.00000000,47241.75000000,289430.44387000,2021-09-19 23:59:59,13558597825.93569980,8186048,141201.01935000,6614734237.64313700,0
2021-09-20 00:00:00,47241.75000000,47347.25000000,39600.00000000,43160.90000000,437174.23273000,2021-09-26 23:59:59,18788601896.91996211,10306745,212146.86731300,9120024387.11685157,0
2021-09-27 00:00:00,43160.90000000,49228.08000000,40753.88000000,48200.01000000,290620.78115000,2021-10-03 23:59:59,12968253396.57883250,8011247,144469.51207000,6452909326.51762460,0
2021-10-04 00:00:00,48200.01000000,56561.31000000,46891.00000000,54659.00000000,424292.25859900,2021-10-10 23:59:59,22567545317.79379255,12811107,211856.68444500,11270697948.40903001,0
2021-10-11 00:00:00,54659.01000000,62933.00000000,53879.00000000,61528.33000000,362346.26317400,2021-10-17 23:59:59,21121567502.01108526,11568529,183431.75068300,10697891224.26255851,0
2021-10-18 00:00:00,61528.32000000,67000.00000000,59510.63000000,60852.22000000,336367.00881000,2021-10-24 23:59:59,21141785986.45504030,10979311,167403.56447000,10528144211.85324447,0
2021-10-25 00:00:00,60852.22000000,63710.63000000,57820.00000000,61299.80000000,314971.84980000,2021-10-31 23:59:59,19208389552.55153220,10574780,154915.87466000,9451414390.23870330,0
2021-11-01 00:00:00,61299.81000000,64270.00000000,59405.00000000,63273.59000000,253033.72432000,2021-11-07 23:59:59,15663897405.53356700,9556016,126345.60637000,7823642239.82696870,0
2021-11-08 00:00:00,63273.58000000,69000.00000000,62278.00000000,65519.10000000,294213.11270800,2021-11-14 23:59:59,19286358161.91070355,11207688,145809.02263900,9564135489.15281683,0
2021-11-15 00:00:00,65519.11000000,66401.82000000,55600.00000000,58622.02000000,340150.61676000,2021-11-21 23:59:59,20344773160.10561018,11100482,163526.93650000,9788051753.51965350,0
2021-11-22 00:00:00,58617.70000000,59444.00000000,53256.64000000,57274.88000000,315216.31943000,2021-11-28 23:59:59,17762591467.11146970,10734607,155061.63995000,8740286935.66459830,0
2021-11-29 00:00:00,57274.89000000,59176.99000000,42000.30000000,49396.33000000,390528.91248800,2021-12-05 23:59:59,20822450911.08779426,12286961,185849.53619000,9921717578.51195080,0
2021-12-06 00:00:00,49396.32000000,51936.33000000,46751.00000000,50053.90000000,272083.99753000,2021-12-12 23:59:59,13393900447.45717150,8239356,132585.60064000,6527679465.43766500,0
2021-12-13 00:00:00,50053.90000000,50189.97000000,45456.00000000,46681.23000000,271834.80183000,2021-12-19 23:59:59,12915658909.98844090,8055423,131770.01926000,6263559378.81846130,0
2021-12-20 00:00:00,46681.24000000,51810.00000000,45558.85000000,50775.49000000,209149.42595000,2021-12-26 23:59:59,10272926890.97976390,6960719,104145.18087000,5115572930.19297980,0
2021-12-27 00:00:00,50775.48000000,52088.00000000,45678.00000000,47286.18000000,217379.64220000,2022-01-02 23:59:59,10458190881.73458400,6863722,106579.78483000,5128555640.89194130,0
2022-01-03 00:00:00,47286.18000000,47570.00000000,40501.00000000,41864.62000000,264331.61587000,2022-01-09 23:59:59,11564043206.34263770,7717954,128417.56962000,5617721267.31578220,0
2022-01-10 00:00:00,41864.62000000,44500.00000000,39650.00000000,43071.66000000,232059.06969000,2022-01-16 23:59:59,9875457752.62500370,6758442,114555.79525000,4878281491.66561680,0
2022-01-17 00:00:00,43071.66000000,43505.00000000,34008.00000000,36244.55000000,354513.98432000,2022-01-23 23:59:59,13695568421.72647182,9181325,170960.34714200,6607067308.59797929,0
2022-01-24 00:00:00,36244.55000000,38919.98000000,32917.17000000,37881.76000000,353702.62639100,2022-01-30 23:59:59,12907284440.45525624,8716769,179036.24472800,6536472796.36890226,0
2022-01-31 00:00:00,37881.75000000,42656.00000000,36250.00000000,42380.87000000,258946.95322000,2022-02-06 23:59:59,10064164364.24220800,6785864,131038.94536000,5096829006.54884560,0
2022-02-07 00:00:00,42380.87000000,45821.00000000,41645.85000000,42053.66000000,301990.47877000,2022-02-13 23:59:59,13148234178.64964670,8359076,149112.12215000,6494915345.30377740,0
2022-02-14 00:00:00,42053.65000000,44751.40000000,38000.00000000,38386.89000000,243150.46162000,2022-02-20 23:59:59,10134957033.78946220,6173489,115990.68901000,4840833817.67217970,0
2022-02-21 00:00:00,38386.89000000,40348.45000000,34322.28000000,37699.07000000,412335.93267000,2022-02-27 23:59:59,15524273633.72955460,9817037,205845.16118000,7754667841.09892240,0
2022-02-28 00:00:00,37699.08000000,45400.00000000,37450.17000000,38420.81000000,376417.07830000,2022-03-06 23:59:59,15676665511.51379860,10071554,185768.23710000,7740802242.40405600,0
2022-03-07 00:00:00,38420.80000000,42594.06000000,37155.00000000,37777.34000000,374777.65361000,2022-03-13 23:59:59,14764496466.37706670,8576202,184176.48268000,7257778809.91187760,0
2022-03-14 00:00:00,37777.35000000,42400.00000000,37555.00000000,41262.11000000,323399.67100000,2022-03-20 23:59:59,13045068424.15988040,7828983,160980.02075000,6493866977.45705000,0
2022-03-21 00:00:00,41262.11000000,46999.00000000,40467.94000000,46827.76000000,315436.15044000,2022-03-27 23:59:59,13657786157.68832790,7404092,158386.20170000,6861332204.33812240,0
2022-03-28 00:00:00,46827.76000000,48189.84000000,44200.00000000,46407.35000000,312053.15964000,2022-04-03 23:59:59,14562359846.87901710,8362296,154410.52633000,7206859226.58420960,0
2022-04-04 00:00:00,46407.36000000,47200.00000000,41868.00000000,42158.85000000,268118.29111000,2022-04-10 23:59:59,11891061200.07450150,7117155,130948.44754000,5808536417.13971410,0
2022-04-11 00:00:00,42158.85000000,42414.71000000,39200.00000000,39678.12000000,259281.04870000,2022-04-17 23:59:59,10492029074.43206470,5921631,126175.26392000,5107109884.34612770,0
2022-04-18 00:00:00,39678.11000000,42976.00000000,38536.51000000,39450.13000000,283885.03637000,2022-04-24 23:59:59,11530224571.57788770,7307352,140430.82007000,5705214688.75134950,0
2022-04-25 00:00:00,39450.12000000,40797.31000000,37386.38000000,38468.35000000,368444.26814000,2022-05-01 23:59:59,14366905362.21120210,8168960,182205.04628000,7107113319.03925670,0
2022-05-02 00:00:00,38468.35000000,40023.77000000,33713.95000000,34038.40000000,419979.58290000,2022-05-08 23:59:59,15553421461.79525020,8540020,204305.32052000,7582347504.98353310,0
2022-05-09 00:00:00,34038.39000000,34243.15000000,26700.00000000,31328.89000000,964223.84927400,2022-05-15 23:59:59,29301810530.84179151,16818661,460216.81539700,13971509225.08758165,0
2022-05-16 00:00:00,31328.89000000,31328.90000000,28654.47000000,30293.94000000,375096.22376000,2022-05-22 23:59:59,11177195347.94081740,9177698,189713.27257000,5654555850.58958670,0
2022-05-23 00:00:00,30293.93000000,30670.51000000,28019.56000000,29468.10000000,430508.71991000,2022-05-29 23:59:59,12611294754.57210520,7332430,208897.25934000,6121946892.63676620,0
2022-05-30 00:00:00,29468.10000000,32399.00000000,29282.36000000,29919.21000000,422401.40352000,2022-06-05 23:59:59,12912323442.26139610,7249030,202549.77860000,6188339634.43644380,0
2022-06-06 00:00:00,29919.20000000,31765.64000000,26560.00000000,26574.53000000,528925.48795900,2022-06-12 23:59:59,15683647970.68714704,8740633,255697.09976000,7589290330.07902220,0
2022-06-13 00:00:00,26574.53000000,26895.84000000,17622.00000000,20574.00000000,1153717.63753700,2022-06-19 23:59:59,24718445373.53246736,16153967,566051.07484300,12119463385.11774105,0
2022-06-20 00:00:00,20574.00000000,21888.00000000,19637.03000000,21038.07000000,570801.23178000,2022-06-26 23:59:59,11870152671.08868070,8827163,283739.01692000,5901368295.14180280,0
2022-06-27 00:00:00,21038.08000000,21539.85000000,18626.00000000,19315.83000000,508544.13970000,2022-07-03 23:59:59,10107464161.05023200,8098167,251218.84067000,4992634202.08066110,0
2022-07-04 00:00:00,19315.83000000,22527.37000000,19055.31000000,20862.47000000,1111996.98071000,2022-07-10 23:59:59,23540958829.80106150,17338062,557807.34407000,11808175072.93664270,0
2022-07-11 00:00:00,20861.11000000,21684.54000000,18910.94000000,20798.16000000,1043685.76303000,2022-07-17 23:59:59,21225657682.25720400,28620637,518342.14454000,10546004665.11854430,0
2022-07-18 00:00:00,20799.58000000,24276.74000000,20762.45000000,22579.68000000,1336219.23609000,2022-07-24 23:59:59,30419505018.44636220,36404041,672735.92695000,15314324288.04023240,0
2022-07-25 00:00:00,22577.13000000,24668.00000000,20706.50000000,23293.32000000,1282264.24492000,2022-07-31 23:59:59,29215844069.13143200,36815045,639746.88279000,14583255496.02514400,0
2022-08-01 00:00:00,23296.36000000,23647.68000000,22400.00000000,23174.39000000,951140.43388000,2022-08-07 23:59:59,21943150279.73161500,32042944,472484.29234000,10902339486.38157070,0
2022-08-08 00:00:00,23174.39000000,25047.56000000,22664.69000000,24305.24000000,1251083.26468000,2022-08-14 23:59:59,30077619286.84656770,43311786,625522.69768000,15039436995.29061950,0
2022-08-15 00:00:00,24305.25000000,25211.32000000,20761.90000000,21515.61000000,1402957.39876000,2022-08-21 23:59:59,32016009263.43493180,46017032,698823.59671000,15948153490.60180970,0
2022-08-22 00:00:00,21516.70000000,21900.00000000,19520.00000000,19555.61000000,1343190.86000000,2022-08-28 23:59:59,28273617081.52032370,41486274,669270.17315000,14089524497.01568180,0
2022-08-29 00:00:00,19555.61000000,20576.25000000,19540.00000000,20000.30000000,1527594.84529000,2022-09-04 23:59:59,30597230623.48951400,38080138,762324.89492000,15270693969.60497590,0
2022-09-05 00:00:00,20000.30000000,21860.00000000,18510.77000000,21826.87000000,2146685.76233000,2022-09-11 23:59:59,43460053550.45976670,41587411,1074020.48582000,21751877355.13041250,0
2022-09-12 00:00:00,21826.87000000,22799.00000000,19320.01000000,19416.18000000,2218565.59694000,2022-09-18 23:59:59,45784151832.43753880,41728131,1107144.73306000,22859382949.06557150,0
2022-09-19 00:00:00,19417.45000000,19956.00000000,18125.98000000,18807.38000000,2285541.48793000,2022-09-25 23:59:59,43488049829.07041010,39408640,1141577.20385000,21724013825.41485850,0
2022-09-26 00:00:00,18809.13000000,20385.86000000,18471.28000000,19056.80000000,2777070.91238000,2022-10-02 23:59:59,53761170640.89073340,39023576,1387219.15628000,26857951663.90879500,0
2022-10-03 00:00:00,19057.74000000,20475.00000000,18959.68000000,19439.02000000,1690215.44019000,2022-10-09 23:59:59,33498469288.87016030,28764711,847579.42346000,16800184632.09654350,0
2022-10-10 00:00:00,19439.96000000,19951.87000000,18190.00000000,19262.98000000,1666942.47921000,2022-10-16 23:59:59,31973285240.12004080,34431421,830990.14609000,15940838410.74413960,0
2022-10-17 00:00:00,19262.98000000,19706.66000000,18650.00000000,19570.40000000,1439566.24878000,2022-10-23 23:59:59,27726087449.71050710,33194461,716529.43810000,13802093103.37976210,0
2022-10-24 00:00:00,19570.40000000,21085.00000000,19157.00000000,20627.48000000,2026392.42105000,2022-10-30 23:59:59,41163103270.30045070,46965717,1011279.69462000,20544581597.54060450,0
2022-10-31 00:00:00,20627.48000000,21480.65000000,20031.24000000,20905.58000000,2205754.83045000,2022-11-06 23:59:59,45589276905.34283550,47012044,1100693.97044000,22750577655.36152610,0
2022-11-07 00:00:00,20905.58000000,21069.77000000,15588.00000000,16329.85000000,3234391.87393200,2022-11-13 23:59:59,58481935198.61974971,69529948,1600577.59884100,28942358620.93245546,0
2022-11-14 00:00:00,16331.78000000,17190.00000000,15815.21000000,16280.23000000,1626234.48043000,2022-11-20 23:59:59,27077469872.70157980,40879146,808233.04529000,13458274078.67834290,0
2022-11-21 00:00:00,16279.50000000,16812.63000000,15476.00000000,16428.78000000,1561058.47958300,2022-11-27 23:59:59,25506770070.36038697,36585251,775318.46032000,12669512752.45342930,0
2022-11-28 00:00:00,16428.77000000,17324.00000000,15995.27000000,17105.70000000,1572173.55626000,2022-12-04 23:59:59,26360161543.30846560,33957294,782395.46704000,13118194969.46495030,0
2022-12-05 00:00:00,17106.65000000,17424.25000000,16678.83000000,17085.05000000,1443791.97519000,2022-12-11 23:59:59,24639487914.90870170,28935324,715127.17858000,12204776366.35207710,0
2022-12-12 00:00:00,17085.05000000,18387.95000000,16527.32000000,16738.21000000,1511897.62621000,2022-12-18 23:59:59,26143428661.14802860,34216989,750915.17070000,12986868567.49425230,0
2022-12-19 00:00:00,16739.00000000,17061.27000000,16256.30000000,16832.11000000,1148035.81471000,2022-12-25 23:59:59,19261867584.50809950,30890062,569762.83271000,9559861835.22137320,0
2022-12-26 00:00:00,16832.11000000,16972.83000000,16333.00000000,16616.75000000,1028681.78419000,2023-01-01 23:59:59,17128649384.37835310,29855688,512673.90334000,8536394019.89505280,0
2023-01-02 00:00:00,16617.17000000,17176.99000000,16548.70000000,17127.83000000,1112349.61417000,2023-01-08 23:59:59,18710795015.11228670,32938345,553373.37180000,9308405394.44382130,0
2023-01-09 00:00:00,17127.83000000,21258.00000000,17104.66000000,20871.50000000,2145455.73458000,2023-01-15 23:59:59,40310160794.01672060,48190928,1067943.16719000,20072164599.67841280,0
2023-01-16 00:00:00,20872.99000000,23371.80000000,20407.15000000,22707.88000000,2108890.06922000,2023-01-22 23:59:59,45622643727.57732390,48516459,1049279.10042000,22702857708.43608820,0
2023-01-23 00:00:00,22706.02000000,23960.54000000,22300.00000000,23742.30000000,1946352.79600000,2023-01-29 23:59:59,44778423206.51019510,48187520,968996.15562000,22295929039.03277850,0
2023-01-30 00:00:00,23743.37000000,24255.00000000,22500.00000000,22932.91000000,1949971.72168000,2023-02-05 23:59:59,45526556536.27251440,50318314,971938.93282000,22694080189.36467570,0
2023-02-06 00:00:00,22932.91000000,23452.00000000,21451.00000000,21783.54000000,1976378.51282000,2023-02-12 23:59:59,44353818613.73314100,48694515,981453.16349000,22028536552.65247230,0
2023-02-13 00:00:00,21782.37000000,25250.00000000,21351.07000000,24271.76000000,2497565.47508000,2023-02-19 23:59:59,58739519125.70169970,58393471,1250658.34810000,29415420384.67632980,0
2023-02-20 00:00:00,24272.51000000,25250.00000000,22722.00000000,23554.85000000,2237983.72753000,2023-02-26 23:59:59,53750017281.89358780,73475940,1113473.63323000,26747071749.79538450,0
2023-02-27 00:00:00,23554.85000000,24000.00000000,21971.13000000,22430.24000000,1698503.29143000,2023-03-05 23:59:59,39224677036.71352140,55369117,844309.81084000,19500097493.71589510,0
2023-03-06 00:00:00,22430.24000000,22602.19000000,19549.09000000,21997.11000000,2718623.72856000,2023-03-12 23:59:59,57109899451.56409940,64620831,1355463.88360000,28476826765.34023100,0
2023-03-13 00:00:00,21998.05000000,28390.10000000,21813.88000000,27972.87000000,3775888.94983000,2023-03-19 23:59:59,95305973200.80874100,85715723,1901884.34275000,48013500988.60253510,0
2023-03-20 00:00:00,27972.87000000,28868.05000000,26601.80000000,27968.05000000,1437828.84706000,2023-03-26 23:59:59,40105785082.65465400,32723292,717790.29856000,20023774476.44784700,0
2023-03-27 00:00:00,27968.05000000,29184.68000000,26508.14000000,28171.87000000,500795.73087000,2023-04-02 23:59:59,13977682781.95106290,9943708,249671.68717000,6970335432.82718160,0
2023-04-03 00:00:00,28171.87000000,28775.00000000,27200.24000000,28323.76000000,306532.39014000,2023-04-09 23:59:59,8605878331.58955460,7007729,154082.38621000,4326447000.70928810,0
2023-04-10 00:00:00,28323.76000000,31000.00000000,28170.00000000,30304.65000000,377573.74044000,2023-04-16 23:59:59,11332769446.67125680,7871684,192813.26024000,5785142074.34189450,0
2023-04-17 00:00:00,30304.66000000,30485.00000000,27125.00000000,27590.60000000,430421.84646000,2023-04-23 23:59:59,12389863959.15446480,8610002,212327.63234000,6111056800.31741080,0
2023-04-24 00:00:00,27590.59000000,30036.00000000,26942.82000000,29233.21000000,444613.47701000,2023-04-30 23:59:59,12771602994.74798530,9248254,222195.37101000,6383410202.34269480,0
2023-05-01 00:00:00,29233.20000000,29820.00000000,27666.95000000,28430.10000000,360117.97447000,2023-05-07 23:59:59,10354875658.97800380,8366414,175604.66457000,5049605220.43347940,0
2023-05-08 00:00:00,28430.09000000,28631.01000000,25811.46000000,26917.62000000,338765.74243000,2023-05-14 23:59:59,9246865802.23881610,7982133,164889.34252000,4500215085.53712380,0
2023-05-15 00:00:00,26917.61000000,27663.59000000,26361.20000000,26747.78000000,230394.72253000,2023-05-21 23:59:59,6232670750.25042160,5632311,110813.79288000,2998025071.43860980,0
2023-05-22 00:00:00,26747.78000000,28261.32000000,25871.89000000,28065.00000000,251061.07389000,2023-05-28 23:59:59,6732832133.08176200,5214712,123084.11518000,3302073852.59865550,0
2023-05-29 00:00:00,28065.01000000,28447.14000000,26505.00000000,27115.21000000,233113.44204000,2023-06-04 23:59:59,6370610147.83786550,5056219,111371.92604000,3043127657.69884390,0
2023-06-05 00:00:00,27115.20000000,27391.77000000,25351.02000000,25925.55000000,347786.76863000,2023-06-11 23:59:59,9123681850.26914240,8221418,166958.56811000,4379372085.93458960,0
2023-06-12 00:00:00,25925.54000000,26839.99000000,24800.00000000,26339.97000000,265685.74051000,2023-06-18 23:59:59,6864197309.52217040,5914978,127368.63821000,3291192704.58133330,0
2023-06-19 00:00:00,26339.98000000,31431.94000000,26256.61000000,30462.66000000,408189.22942000,2023-06-25 23:59:59,11977753742.27160050,7845510,201810.53363000,5920715286.60074990,0
2023-06-26 00:00:00,30462.67000000,31282.00000000,29500.00000000,30617.03000000,294881.44198000,2023-07-02 23:59:59,8977334209.17436750,6151928,143492.21956000,4369370545.20092840,0
2023-07-03 00:00:00,30617.02000000,31500.00000000,29701.02000000,30160.71000000,244056.69119000,2023-07-09 23:59:59,7465890814.40581890,5652625,112449.18720000,3440595994.17198740,0
2023-07-10 00:00:00,30160.71000000,31804.20000000,29900.00000000,30231.99000000,269249.39031000,2023-07-16 23:59:59,8259233660.69802700,5930859,129847.29041000,3985149496.34812260,0
2023-07-17 00:00:00,30232.00000000,30417.46000000,29512.00000000,30083.75000000,180919.27148000,2023-07-23 23:59:59,5421859687.90992940,4437412,85626.98388000,2566235058.46179220,0
2023-07-24 00:00:00,30083.75000000,30099.58000000,28861.90000000,29281.09000000,168154.81375000,2023-07-30 23:59:59,4928069284.78311450,4074123,79263.73273000,2323001025.87812670,0
2023-07-31 00:00:00,29281.09000000,30047.50000000,28585.70000000,29088.42000000,190359.38216000,2023-08-06 23:59:59,5563549381.82233910,4275812,91218.25314000,2666280620.18259310,0
2023-08-07 00:00:00,29088.43000000,30244.00000000,28701.03000000,29303.84000000,178844.98681000,2023-08-13 23:59:59,5273077531.60699740,3902955,88713.03921000,2616189761.09612590,0
2023-08-14 00:00:00,29303.85000000,29695.32000000,25166.00000000,26189.99000000,307223.55373000,2023-08-20 23:59:59,8459713612.09300890,6367788,146429.27624000,4025354116.25531250,0
2023-08-21 00:00:00,26190.00000000,26819.27000000,25300.00000000,26101.77000000,188618.43325000,2023-08-27 23:59:59,4923481690.98755090,3708881,90543.65355000,2363656884.57740050,0
2023-08-28 00:00:00,26101.78000000,28142.85000000,25333.75000000,25971.21000000,258183.08813000,2023-09-03 23:59:59,6876152878.86796260,5240441,126350.71673000,3366349769.02160610,0
2023-09-04 00:00:00,25971.21000000,26445.50000000,25372.51000000,25841.61000000,156769.66561000,2023-09-10 23:59:59,4053984258.00129090,3927460,74545.77784000,1927913825.20642810,0
2023-09-11 00:00:00,25841.60000000,26888.00000000,24901.00000000,26527.51000000,221247.03537000,2023-09-17 23:59:59,5773266974.89297570,5082637,107582.07504000,2807580833.53510930,0
2023-09-18 00:00:00,26527.50000000,27483.57000000,26122.08000000,26248.38000000,191220.58923000,2023-09-24 23:59:59,5139867700.20975540,5061396,93683.44202000,2518579865.77630580,0
2023-09-25 00:00:00,26248.39000000,28065.51000000,25990.46000000,27992.57000000,189937.16919000,2023-10-01 23:59:59,5073578850.20952330,5966990,94191.87619000,2517464201.51614890,0
2023-10-02 00:00:00,27992.58000000,28580.00000000,27160.50000000,27917.05000000,217523.39638000,2023-10-08 23:59:59,6040607903.04058170,7856366,106749.01483000,2964956622.08080840,0
2023-10-09 00:00:00,27917.06000000,27987.93000000,26538.66000000,27154.15000000,164897.39085000,2023-10-15 23:59:59,4470534793.71665380,6797459,77908.78854000,2112270123.82497480,0
2023-10-16 00:00:00,27154.14000000,30379.99000000,27112.66000000,29992.46000000,294677.81127000,2023-10-22 23:59:59,8499515365.78760660,10256824,148213.84372000,4274100184.30304550,0
2023-10-23 00:00:00,29992.46000000,35280.00000000,29883.60000000,34525.89000000,373306.40874000,2023-10-29 23:59:59,12510582555.68817820,11154017,182605.07790000,6116044966.20654730,0
2023-10-30 00:00:00,34525.88000000,35984.99000000,34025.00000000,35011.88000000,249862.21260000,2023-11-05 23:59:59,8674977274.68940510,8442880,120432.07432000,4182206703.04879580,0
2023-11-06 00:00:00,35011.89000000,37972.24000000,34523.06000000,37064.13000000,261060.64807000,2023-11-12 23:59:59,9471933747.13489970,8644289,130118.87003000,4721708273.21914430,0
2023-11-13 00:00:00,37064.13000000,37980.00000000,34800.00000000,37359.86000000,255993.59565000,2023-11-19 23:59:59,9352112203.07075060,8705712,124083.98755000,4534111152.29686380,0
2023-11-20 00:00:00,37359.85000000,38414.00000000,35632.01000000,37447.43000000,229889.97507000,2023-11-26 23:59:59,8562639983.07934710,8859485,111803.31019000,4163761382.53170710,0
2023-11-27 00:00:00,37447.42000000,40250.00000000,36707.00000000,39972.26000000,222103.26117000,2023-12-03 23:59:59,8487028647.02203300,8359571,108608.84236000,4152334379.38998140,0
2023-12-04 00:00:00,39972.26000000,44700.00000000,39972.26000000,43789.51000000,332080.41362000,2023-12-10 23:59:59,14282421615.67815450,10605247,162398.32160000,6984417181.05107900,0
2023-12-11 00:00:00,43789.50000000,43804.50000000,40222.00000000,41374.65000000,292562.41578000,2023-12-17 23:59:59,12297278343.99404630,10669896,142589.42725000,5993155021.23435820,0
2023-12-18 00:00:00,41374.64000000,44398.26000000,40542.93000000,42991.50000000,245481.20612000,2023-12-24 23:59:59,10566656295.24706500,10177570,120046.28497000,5167026438.81491980,0
2023-12-25 00:00:00,42991.50000000,43802.32000000,41300.00000000,42283.58000000,228462.70228000,2023-12-31 23:59:59,9750360049.03370150,9000006,116113.24382000,4955977192.16247950,0
2024-01-01 00:00:00,42283.58000000,45879.63000000,40750.00000000,43929.02000000,310487.48622000,2024-01-07 23:59:59,13613329331.07341430,11970886,155535.92694000,6820924503.61814490,0
2024-01-08 00:00:00,43929.01000000,48969.48000000,41500.00000000,41732.35000000,470798.80434000,2024-01-14 23:59:59,21356230439.61788900,16613410,237687.20961000,10793592831.97847060,0
2024-01-15 00:00:00,41732.35000000,43578.01000000,40280.00000000,41580.33000000,238486.27274000,2024-01-21 23:59:59,10056011079.07423160,9385019,119204.09259000,5026914325.81223500,0
2024-01-22 00:00:00,41580.32000000,42842.68000000,38555.00000000,42031.06000000,274603.16207000,2024-01-28 23:59:59,11116307617.73463270,10566525,139192.01155000,5631038539.21582990,0
2024-01-29 00:00:00,42031.05000000,43882.36000000,41804.88000000,42582.88000000,203036.61925000,2024-02-04 23:59:59,8713194728.76284280,8033833,103503.46102000,4442167219.78677340,0
2024-02-05 00:00:00,42582.88000000,48592.66000000,42258.10000000,48299.99000000,262240.48357000,2024-02-11 23:59:59,11935033613.56033980,10735191,134125.49927000,6105318036.42222870,0
2024-02-12 00:00:00,48300.00000000,52816.62000000,47710.01000000,52137.67000000,310862.30170000,2024-02-18 23:59:59,15789798425.18484140,11714072,157841.09355000,8014365068.46465050,0
2024-02-19 00:00:00,52137.68000000,52985.00000000,50521.00000000,51728.85000000,223366.16186000,2024-02-25 23:59:59,11519591601.71506630,10293992,112947.95494000,5825673386.87510470,0
2024-02-26 00:00:00,51728.85000000,64000.00000000,50901.44000000,63113.97000000,417907.83383000,2024-03-03 23:59:59,24884787678.71181520,16868924,215491.06876000,12822016538.35247480,0
2024-03-04 00:00:00,63113.97000000,69990.00000000,59005.00000000,68955.88000000,481870.18178200,2024-03-10 23:59:59,32048902066.64220901,21358553,246496.82626100,16399155491.04389049,0
2024-03-11 00:00:00,68955.88000000,73777.00000000,64533.00000000,68393.48000000,477496.91752000,2024-03-17 23:59:59,33401114461.52804786,20669990,238830.05739500,16717330996.97877673,0
2024-03-18 00:00:00,68393.47000000,68956.00000000,60775.00000000,67209.99000000,409762.74414000,2024-03-24 23:59:59,26650024155.36925690,18123751,202926.44117000,13208695000.16974970,0
2024-03-25 00:00:00,67210.00000000,71769.54000000,66385.06000000,71280.01000000,235409.95755000,2024-03-31 23:59:59,16447219313.36233680,12877311,118629.51433000,8288128238.68617310,0
2024-04-01 00:00:00,71280.00000000,71288.23000000,64493.07000000,69360.39000000,274227.11488000,2024-04-07 23:59:59,18477347510.28266790,13071377,137376.98608000,9256104893.79039020,0
2024-04-08 00:00:00,69360.38000000,72797.99000000,60660.57000000,65661.84000000,348008.31904000,2024-04-14 23:59:59,23573044024.56446670,15848257,169274.11224000,11481850134.78266220,0
2024-04-15 00:00:00,65661.85000000,66867.07000000,59600.01000000,64941.15000000,312265.13225000,2024-04-21 23:59:59,19770016571.14473550,15339389,152952.96447000,9687789608.43411420,0
2024-04-22 00:00:00,64941.15000000,67232.35000000,62391.24000000,63118.62000000,183902.50753000,2024-04-28 23:59:59,11912668416.23044670,9139362,90443.89610000,5860998775.13026800,0
2024-04-29 00:00:00,63118.62000000,64734.00000000,56552.82000000,64012.00000000,298372.01720000,2024-05-05 23:59:59,18009828104.66185480,10777045,145587.92170000,8793267875.50492510,0
2024-05-06 00:00:00,64012.00000000,65500.00000000,60187.12000000,61483.99000000,179712.75232000,2024-05-12 23:59:59,11213593898.29106830,8443601,88178.37799000,5504860726.10495570,0
2024-05-13 00:00:00,61484.00000000,67700.00000000,60749.21000000,66274.01000000,195247.04901000,2024-05-19 23:59:59,12599942771.40405720,8173669,96881.08119000,6253259842.20443400,0
2024-05-20 00:00:00,66274.00000000,71979.00000000,66060.31000000,68507.67000000,220708.83749000,2024-05-26 23:59:59,15256004970.76810580,9860774,110525.62718000,7640848002.27269990,0
2024-05-27 00:00:00,68507.67000000,70687.56000000,66670.00000000,67765.63000000,158352.25614000,2024-06-02 23:59:59,10805470652.43242300,7801279,78329.25163000,5345551546.76324770,0
2024-06-03 00:00:00,67765.62000000,71997.02000000,67612.48000000,69648.14000000,165061.19141000,2024-06-09 23:59:59,11582063276.17858560,7269746,81703.96894000,5733397829.32965470,0
2024-06-10 00:00:00,69648.15000000,70195.94000000,65078.00000000,66676.87000000,174066.07718000,2024-06-16 23:59:59,11762729785.61039030,9048588,84978.33764000,5744292629.34633020,0
2024-06-17 00:00:00,66676.86000000,67298.81000000,63178.32000000,63210.01000000,155589.33133000,2024-06-23 23:59:59,10122248450.96032670,8573684,76186.19875000,4956904124.33064870,0
2024-06-24 00:00:00,63210.01000000,63369.80000000,58402.00000000,62772.01000000,177837.60164000,2024-06-30 23:59:59,10895644844.96841560,8998803,86936.64459000,5326794885.09915990,0
2024-07-01 00:00:00,62772.01000000,63861.76000000,53485.93000000,55857.81000000,251967.61048000,2024-07-07 23:59:59,14670868704.86308640,13582481,119972.05334000,6991926733.76952970,0
2024-07-08 00:00:00,55857.81000000,61420.69000000,54260.16000000,60797.91000000,190723.74928000,2024-07-14 23:59:59,11007710725.57499050,12556656,95407.63796000,5508873029.51569350,0
2024-07-15 00:00:00,60797.91000000,68366.66000000,60632.30000000,68165.34000000,205198.52303000,2024-07-21 23:59:59,13292211903.24701460,13153545,102827.87077000,6664473433.42329430,0
2024-07-22 00:00:00,68165.35000000,69399.99000000,63456.70000000,68249.88000000,177889.46168000,2024-07-28 23:59:59,11859803772.71989530,10470425,86526.94290000,5771975679.11671580,0
2024-07-29 00:00:00,68249.88000000,70079.99000000,57122.77000000,58161.00000000,216238.92340000,2024-08-04 23:59:59,13848492540.56757020,13595613,102705.41721000,6588549806.74209340,0
2024-08-05 00:00:00,58161.00000000,62745.14000000,49000.00000000,58712.59000000,370726.80645000,2024-08-11 23:59:59,20664617446.70927030,19950644,181882.33575000,10152535858.74873470,0
2024-08-12 00:00:00,58712.59000000,61800.00000000,56078.54000000,58427.35000000,179945.24534000,2024-08-18 23:59:59,10641038279.55443900,12150950,86941.36256000,5143168368.68997840,0
2024-08-19 00:00:00,58427.35000000,65000.00000000,57787.30000000,64220.00000000,169792.31289000,2024-08-25 23:59:59,10379608164.00137560,12611222,86149.40410000,5269665798.93612310,0
2024-08-26 00:00:00,64219.99000000,64481.00000000,57201.00000000,57301.86000000,176518.33308000,2024-09-01 23:59:59,10600417563.38362510,17450976,82787.91080000,4971313647.47031420,0
2024-09-02 00:00:00,57301.77000000,59809.65000000,52550.00000000,54869.95000000,196506.89846000,2024-09-08 23:59:59,11053922343.01960860,19724780,93473.54725000,5259818934.88214390,0
2024-09-09 00:00:00,54869.95000000,60625.00000000,54591.96000000,59132.00000000,175833.33846000,2024-09-15 23:59:59,10149277815.87519500,20170673,86262.12384000,4978556508.28487210,0
2024-09-16 00:00:00,59132.00000000,64133.32000000,57493.30000000,63578.76000000,178097.29669000,2024-09-22 23:59:59,10891159206.15571630,24067959,88501.87842000,5413173373.90633460,0
2024-09-23 00:00:00,63578.76000000,66498.00000000,62538.75000000,65602.01000000,132963.29721000,2024-09-29 23:59:59,8567141508.64013360,21839889,67007.65879000,4319040720.28445950,0
2024-09-30 00:00:00,65602.01000000,65618.80000000,59828.11000000,62819.91000000,169447.68762000,2024-10-06 23:59:59,10514477581.54238240,26681226,83207.71461000,5164154684.83527250,0
2024-10-07 00:00:00,62819.91000000,64478.19000000,58946.00000000,62870.02000000,136109.36376000,2024-10-13 23:59:59,8452537409.97433040,23384266,65809.10872000,4089114937.58577770,0
2024-10-14 00:00:00,62870.02000000,69400.00000000,62457.81000000,69031.99000000,185982.16665000,2024-10-20 23:59:59,12444288143.45365090,27042033,94190.92271000,6303066150.40902500,0
2024-10-21 00:00:00,69032.00000000,69519.52000000,65260.00000000,68021.70000000,159069.27886000,2024-10-27 23:59:59,10705517767.95056480,24438978,75903.01000000,5109759585.60288740,0
2024-10-28 00:00:00,68021.69000000,73620.12000000,67478.73000000,68775.99000000,209232.69647000,2024-11-03 23:59:59,14758183887.53450090,28485013,105358.41914000,7435135100.90393400,0
2024-11-04 00:00:00,68775.99000000,81500.00000000,66835.00000000,80370.01000000,327445.15705000,2024-11-10 23:59:59,24423000720.33780718,38565949,165375.67120200,12338326517.71378086,0
2024-11-11 00:00:00,80370.01000000,93265.64000000,80216.01000000,89855.99000000,417630.30233400,2024-11-17 23:59:59,36847212262.09091442,59818191,212859.52089200,18780186181.56236302,0
2024-11-18 00:00:00,89855.98000000,99588.01000000,89376.90000000,97900.04000000,303784.77178200,2024-11-24 23:59:59,28960077328.12774013,45298675,150616.13354600,14355763875.33278773,0
2024-11-25 00:00:00,97900.05000000,98871.80000000,90791.10000000,97185.18000000,237818.37314000,2024-12-01 23:59:59,22633035165.95786410,41943380,116760.49280000,11108455526.56286480,0
2024-12-02 00:00:00,97185.17000000,104088.00000000,90500.00000000,101109.59000000,302152.73546200,2024-12-08 23:59:59,29754805118.29742168,44131280,150358.70030600,14816118724.64416650,0
2024-12-09 00:00:00,101109.60000000,105250.00000000,94150.05000000,104463.99000000,230968.33990500,2024-12-15 23:59:59,22903414201.63890870,48813901,113412.14759500,11260331874.66444130,0
2024-12-16 00:00:00,104463.99000000,108353.00000000,92232.54000000,95186.27000000,281544.24224600,2024-12-22 23:59:59,28327504722.76530102,46077110,135227.00123600,13612311893.82316882,0
2024-12-23 00:00:00,95186.28000000,99963.70000000,92520.00000000,93738.20000000,140614.68725000,2024-12-29 23:59:59,13464079520.22843910,28689751,68187.73766000,6532146632.33185210,0
2024-12-30 00:00:00,93738.19000000,98976.91000000,91530.45000000,98363.61000000,111914.79510000,2025-01-05 23:59:59,10674467144.69224420,20090990,54741.19058000,5221733647.32770800,0
2025-01-06 00:00:00,98363.61000000,102724.38000000,91203.67000000,94545.06000000,172710.45967000,2025-01-12 23:59:59,16575552484.72784770,28219131,81540.33266000,7829633083.15488560,0
2025-01-13 00:00:00,94545.07000000,106422.43000000,89256.69000000,101331.57000000,235685.99260000,2025-01-19 23:59:59,23454059104.49582570,30086575,116090.52894000,11566208131.06036780,0
2025-01-20 00:00:00,101331.57000000,109588.00000000,99550.00000000,102620.00000000,254162.14092200,2025-01-26 23:59:59,26566887282.47053540,38148997,126543.31377200,13234062905.64835810,0
2025-01-27 00:00:00,102620.01000000,106457.44000000,96150.00000000,97700.59000000,184203.26328000,2025-02-02 23:59:59,18709972488.16630580,38100357,88012.43158000,8950599275.52157790,0
2025-02-03 00:00:00,97700.59000000,102500.01000000,91231.00000000,96462.75000000,221243.61368000,2025-02-09 23:59:59,21513829754.52429220,35022283,104485.84250000,10165593767.99953580,0
2025-02-10 00:00:00,96462.75000000,98826.00000000,94088.23000000,96118.12000000,122007.40976000,2025-02-16 23:59:59,11802790168.78367030,22885290,57235.18110000,5537944042.05827370,0
2025-02-17 00:00:00,96118.12000000,99475.00000000,93388.09000000,96258.00000000,127758.44873000,2025-02-23 23:59:59,12324237789.08939880,19728994,60199.73100000,5809450371.23481070,0
2025-02-24 00:00:00,96258.00000000,96500.00000000,86050.99000000,87195.61000000,98349.30472000,2025-03-02 23:59:59,8928009144.11170080,13675686,43998.28824000,3998261334.52676600,0
